frame,vehicle_type
frame_1020.jpg,traffic light
frame_1020.jpg,car
frame_1020.jpg,car
frame_1020.jpg,car
frame_1020.jpg,truck
frame_1020.jpg,car
frame_1020.jpg,car
frame_1020.jpg,traffic light
frame_1020.jpg,car
frame_1020.jpg,car
frame_1020.jpg,car
frame_1050.jpg,car
frame_1050.jpg,car
frame_1050.jpg,car
frame_1050.jpg,car
frame_1050.jpg,car
frame_1050.jpg,person
frame_1050.jpg,car
frame_1050.jpg,car
frame_1050.jpg,traffic light
frame_1050.jpg,backpack
frame_1080.jpg,car
frame_1080.jpg,car
frame_1080.jpg,traffic light
frame_1080.jpg,car
frame_1080.jpg,truck
frame_1080.jpg,car
frame_1080.jpg,car
frame_1080.jpg,car
frame_1080.jpg,car
frame_1080.jpg,car
frame_1080.jpg,traffic light
frame_1080.jpg,car
frame_1080.jpg,car
frame_1080.jpg,person
frame_1110.jpg,person
frame_1110.jpg,traffic light
frame_1110.jpg,traffic light
frame_1110.jpg,car
frame_1110.jpg,car
frame_1110.jpg,car
frame_1110.jpg,truck
frame_1110.jpg,person
frame_1110.jpg,car
frame_1110.jpg,car
frame_1110.jpg,traffic light
frame_1110.jpg,traffic light
frame_1110.jpg,person
frame_1110.jpg,car
frame_1110.jpg,car
frame_1140.jpg,traffic light
frame_1140.jpg,traffic light
frame_1140.jpg,traffic light
frame_1140.jpg,car
frame_1140.jpg,person
frame_1140.jpg,car
frame_1140.jpg,car
frame_1140.jpg,car
frame_1140.jpg,car
frame_1140.jpg,car
frame_1140.jpg,person
frame_1140.jpg,truck
frame_1140.jpg,car
frame_1170.jpg,traffic light
frame_1170.jpg,car
frame_1170.jpg,person
frame_1170.jpg,car
frame_1170.jpg,car
frame_1170.jpg,car
frame_1170.jpg,person
frame_1170.jpg,car
frame_1170.jpg,car
frame_1170.jpg,traffic light
frame_1170.jpg,motorcycle
frame_1170.jpg,person
frame_1170.jpg,car
frame_1170.jpg,car
frame_1170.jpg,truck
frame_1170.jpg,car
frame_120.jpg,car
frame_120.jpg,person
frame_120.jpg,person
frame_120.jpg,traffic light
frame_120.jpg,traffic light
frame_120.jpg,person
frame_120.jpg,car
frame_120.jpg,car
frame_120.jpg,person
frame_120.jpg,car
frame_120.jpg,suitcase
frame_1200.jpg,traffic light
frame_1200.jpg,truck
frame_1200.jpg,traffic light
frame_1200.jpg,person
frame_1200.jpg,traffic light
frame_1200.jpg,car
frame_1200.jpg,car
frame_1200.jpg,car
frame_1200.jpg,car
frame_1200.jpg,car
frame_1200.jpg,car
frame_1200.jpg,car
frame_1200.jpg,motorcycle
frame_1200.jpg,car
frame_1200.jpg,person
frame_1230.jpg,person
frame_1230.jpg,person
frame_1230.jpg,car
frame_1230.jpg,car
frame_1230.jpg,person
frame_1230.jpg,traffic light
frame_1230.jpg,car
frame_1230.jpg,car
frame_1230.jpg,car
frame_1230.jpg,traffic light
frame_1230.jpg,car
frame_1230.jpg,car
frame_1230.jpg,motorcycle
frame_1230.jpg,person
frame_1260.jpg,car
frame_1260.jpg,person
frame_1260.jpg,car
frame_1260.jpg,person
frame_1260.jpg,truck
frame_1260.jpg,car
frame_1260.jpg,car
frame_1260.jpg,car
frame_1260.jpg,traffic light
frame_1260.jpg,person
frame_1260.jpg,car
frame_1260.jpg,person
frame_1260.jpg,car
frame_1260.jpg,motorcycle
frame_1290.jpg,car
frame_1290.jpg,car
frame_1290.jpg,person
frame_1290.jpg,car
frame_1290.jpg,person
frame_1290.jpg,car
frame_1290.jpg,traffic light
frame_1290.jpg,motorcycle
frame_1290.jpg,car
frame_1290.jpg,truck
frame_1290.jpg,traffic light
frame_1290.jpg,car
frame_1290.jpg,car
frame_1290.jpg,car
frame_1320.jpg,car
frame_1320.jpg,car
frame_1320.jpg,person
frame_1320.jpg,car
frame_1320.jpg,car
frame_1320.jpg,car
frame_1320.jpg,person
frame_1320.jpg,car
frame_1320.jpg,car
frame_1320.jpg,motorcycle
frame_1320.jpg,truck
frame_1320.jpg,person
frame_1320.jpg,car
frame_1350.jpg,car
frame_1350.jpg,car
frame_1350.jpg,person
frame_1350.jpg,car
frame_1350.jpg,car
frame_1350.jpg,car
frame_1350.jpg,truck
frame_1350.jpg,motorcycle
frame_1380.jpg,person
frame_1380.jpg,car
frame_1380.jpg,car
frame_1380.jpg,car
frame_1380.jpg,car
frame_1380.jpg,truck
frame_1380.jpg,car
frame_1380.jpg,truck
frame_1380.jpg,car
frame_1380.jpg,car
frame_1410.jpg,traffic light
frame_1410.jpg,car
frame_1410.jpg,person
frame_1410.jpg,truck
frame_1410.jpg,truck
frame_1410.jpg,car
frame_1410.jpg,car
frame_1410.jpg,motorcycle
frame_1410.jpg,person
frame_1410.jpg,car
frame_1410.jpg,car
frame_1410.jpg,car
frame_1410.jpg,traffic light
frame_1410.jpg,car
frame_1410.jpg,car
frame_1440.jpg,traffic light
frame_1440.jpg,person
frame_1440.jpg,person
frame_1440.jpg,car
frame_1440.jpg,car
frame_1440.jpg,car
frame_1440.jpg,car
frame_1440.jpg,car
frame_1440.jpg,car
frame_1440.jpg,truck
frame_1440.jpg,motorcycle
frame_1440.jpg,person
frame_1440.jpg,car
frame_1440.jpg,car
frame_1440.jpg,car
frame_1470.jpg,car
frame_1470.jpg,car
frame_1470.jpg,person
frame_1470.jpg,motorcycle
frame_1470.jpg,traffic light
frame_1470.jpg,car
frame_1470.jpg,person
frame_1470.jpg,truck
frame_1470.jpg,truck
frame_1470.jpg,car
frame_1470.jpg,car
frame_1470.jpg,car
frame_1470.jpg,person
frame_1470.jpg,car
frame_150.jpg,person
frame_150.jpg,traffic light
frame_150.jpg,car
frame_150.jpg,person
frame_150.jpg,car
frame_150.jpg,car
frame_150.jpg,motorcycle
frame_150.jpg,person
frame_1500.jpg,car
frame_1500.jpg,car
frame_1500.jpg,traffic light
frame_1500.jpg,person
frame_1500.jpg,person
frame_1500.jpg,car
frame_1500.jpg,person
frame_1500.jpg,motorcycle
frame_1500.jpg,person
frame_1500.jpg,car
frame_1500.jpg,car
frame_1500.jpg,car
frame_1530.jpg,car
frame_1530.jpg,traffic light
frame_1530.jpg,traffic light
frame_1530.jpg,person
frame_1530.jpg,car
frame_1530.jpg,car
frame_1530.jpg,person
frame_1530.jpg,traffic light
frame_1530.jpg,car
frame_1530.jpg,person
frame_1530.jpg,car
frame_1530.jpg,car
frame_1530.jpg,car
frame_1530.jpg,person
frame_1530.jpg,person
frame_1530.jpg,car
frame_1530.jpg,car
frame_1530.jpg,car
frame_1530.jpg,person
frame_1560.jpg,car
frame_1560.jpg,person
frame_1560.jpg,person
frame_1560.jpg,car
frame_1560.jpg,car
frame_1560.jpg,car
frame_1560.jpg,car
frame_1560.jpg,person
frame_1560.jpg,traffic light
frame_1560.jpg,car
frame_1560.jpg,car
frame_1560.jpg,car
frame_1560.jpg,person
frame_1560.jpg,car
frame_1590.jpg,traffic light
frame_1590.jpg,car
frame_1590.jpg,car
frame_1590.jpg,car
frame_1590.jpg,car
frame_1590.jpg,car
frame_1590.jpg,person
frame_1590.jpg,car
frame_1590.jpg,person
frame_1590.jpg,traffic light
frame_1590.jpg,car
frame_1620.jpg,traffic light
frame_1620.jpg,car
frame_1620.jpg,car
frame_1620.jpg,car
frame_1620.jpg,person
frame_1620.jpg,truck
frame_1620.jpg,car
frame_1620.jpg,car
frame_1620.jpg,car
frame_1650.jpg,person
frame_1650.jpg,traffic light
frame_1650.jpg,car
frame_1650.jpg,car
frame_1650.jpg,car
frame_1650.jpg,car
frame_1650.jpg,truck
frame_1650.jpg,person
frame_1650.jpg,person
frame_1650.jpg,motorcycle
frame_1650.jpg,person
frame_1650.jpg,car
frame_1650.jpg,car
frame_1650.jpg,car
frame_1650.jpg,car
frame_1680.jpg,traffic light
frame_1680.jpg,bicycle
frame_1680.jpg,car
frame_1680.jpg,car
frame_1680.jpg,car
frame_1680.jpg,truck
frame_1680.jpg,car
frame_1680.jpg,person
frame_1680.jpg,person
frame_1680.jpg,person
frame_1680.jpg,person
frame_1680.jpg,car
frame_1680.jpg,car
frame_1680.jpg,car
frame_1680.jpg,car
frame_1680.jpg,person
frame_1680.jpg,traffic light
frame_1680.jpg,car
frame_1710.jpg,car
frame_1710.jpg,car
frame_1710.jpg,car
frame_1710.jpg,car
frame_1710.jpg,truck
frame_1710.jpg,traffic light
frame_1710.jpg,person
frame_1710.jpg,car
frame_1710.jpg,person
frame_1740.jpg,car
frame_1740.jpg,traffic light
frame_1740.jpg,car
frame_1740.jpg,person
frame_1740.jpg,car
frame_1740.jpg,car
frame_1740.jpg,car
frame_1740.jpg,person
frame_1740.jpg,traffic light
frame_1740.jpg,car
frame_1740.jpg,person
frame_1740.jpg,truck
frame_1740.jpg,person
frame_1740.jpg,car
frame_1740.jpg,person
frame_1740.jpg,traffic light
frame_1770.jpg,traffic light
frame_1770.jpg,truck
frame_1770.jpg,car
frame_1770.jpg,traffic light
frame_1770.jpg,person
frame_1770.jpg,car
frame_1770.jpg,car
frame_1770.jpg,car
frame_1770.jpg,car
frame_180.jpg,traffic light
frame_180.jpg,car
frame_180.jpg,traffic light
frame_180.jpg,person
frame_180.jpg,person
frame_180.jpg,car
frame_180.jpg,motorcycle
frame_180.jpg,car
frame_180.jpg,car
frame_180.jpg,car
frame_1800.jpg,car
frame_1800.jpg,person
frame_1800.jpg,person
frame_1800.jpg,car
frame_1800.jpg,car
frame_1800.jpg,truck
frame_1800.jpg,traffic light
frame_1800.jpg,car
frame_1830.jpg,car
frame_1830.jpg,traffic light
frame_1830.jpg,car
frame_1830.jpg,truck
frame_1830.jpg,person
frame_1830.jpg,car
frame_1830.jpg,car
frame_1830.jpg,person
frame_1830.jpg,person
frame_1830.jpg,backpack
frame_1830.jpg,car
frame_1830.jpg,traffic light
frame_1860.jpg,car
frame_1860.jpg,car
frame_1860.jpg,car
frame_1860.jpg,car
frame_1860.jpg,motorcycle
frame_1860.jpg,motorcycle
frame_1860.jpg,car
frame_1860.jpg,person
frame_1860.jpg,truck
frame_1860.jpg,car
frame_1860.jpg,person
frame_1860.jpg,person
frame_1860.jpg,car
frame_1860.jpg,car
frame_1860.jpg,car
frame_1890.jpg,person
frame_1890.jpg,car
frame_1890.jpg,car
frame_1890.jpg,car
frame_1890.jpg,person
frame_1890.jpg,person
frame_1890.jpg,car
frame_1890.jpg,truck
frame_1890.jpg,car
frame_1890.jpg,car
frame_1890.jpg,car
frame_1890.jpg,car
frame_1890.jpg,motorcycle
frame_1920.jpg,car
frame_1920.jpg,car
frame_1920.jpg,car
frame_1920.jpg,person
frame_1920.jpg,car
frame_1920.jpg,truck
frame_1920.jpg,person
frame_1920.jpg,car
frame_1920.jpg,car
frame_1950.jpg,car
frame_1950.jpg,car
frame_1950.jpg,truck
frame_1950.jpg,car
frame_1950.jpg,traffic light
frame_1950.jpg,car
frame_1950.jpg,motorcycle
frame_1950.jpg,car
frame_1980.jpg,traffic light
frame_1980.jpg,car
frame_1980.jpg,car
frame_1980.jpg,truck
frame_1980.jpg,car
frame_1980.jpg,traffic light
frame_1980.jpg,car
frame_1980.jpg,car
frame_1980.jpg,person
frame_1980.jpg,car
frame_2010.jpg,person
frame_2010.jpg,car
frame_2010.jpg,car
frame_2010.jpg,car
frame_2010.jpg,car
frame_2010.jpg,person
frame_2010.jpg,car
frame_2010.jpg,car
frame_2010.jpg,car
frame_2010.jpg,suitcase
frame_2010.jpg,person
frame_2040.jpg,traffic light
frame_2040.jpg,car
frame_2040.jpg,traffic light
frame_2040.jpg,car
frame_2040.jpg,person
frame_2040.jpg,person
frame_2040.jpg,car
frame_2040.jpg,truck
frame_2040.jpg,car
frame_2040.jpg,car
frame_2040.jpg,car
frame_2040.jpg,car
frame_2070.jpg,motorcycle
frame_2070.jpg,car
frame_2070.jpg,motorcycle
frame_2070.jpg,car
frame_2070.jpg,car
frame_2070.jpg,traffic light
frame_2070.jpg,car
frame_2070.jpg,person
frame_2070.jpg,car
frame_2070.jpg,traffic light
frame_2070.jpg,traffic light
frame_2070.jpg,person
frame_2070.jpg,car
frame_2070.jpg,car
frame_210.jpg,person
frame_210.jpg,car
frame_210.jpg,traffic light
frame_210.jpg,person
frame_210.jpg,car
frame_210.jpg,motorcycle
frame_210.jpg,car
frame_210.jpg,car
frame_210.jpg,car
frame_210.jpg,person
frame_210.jpg,car
frame_2100.jpg,motorcycle
frame_2100.jpg,person
frame_2100.jpg,car
frame_2100.jpg,car
frame_2100.jpg,car
frame_2100.jpg,traffic light
frame_2100.jpg,car
frame_2100.jpg,person
frame_2100.jpg,car
frame_2100.jpg,traffic light
frame_2100.jpg,car
frame_2100.jpg,person
frame_2100.jpg,traffic light
frame_2100.jpg,traffic light
frame_2130.jpg,car
frame_2130.jpg,traffic light
frame_2130.jpg,car
frame_2130.jpg,car
frame_2130.jpg,car
frame_2130.jpg,car
frame_2130.jpg,car
frame_2130.jpg,person
frame_2130.jpg,traffic light
frame_2130.jpg,traffic light
frame_2130.jpg,traffic light
frame_2130.jpg,person
frame_2160.jpg,car
frame_2160.jpg,person
frame_2160.jpg,car
frame_2160.jpg,car
frame_2160.jpg,car
frame_2160.jpg,car
frame_2160.jpg,person
frame_2160.jpg,traffic light
frame_2160.jpg,truck
frame_2160.jpg,person
frame_2160.jpg,car
frame_2160.jpg,car
frame_2160.jpg,person
frame_2160.jpg,car
frame_2160.jpg,traffic light
frame_2160.jpg,car
frame_2190.jpg,truck
frame_2190.jpg,car
frame_2190.jpg,car
frame_2190.jpg,truck
frame_2190.jpg,car
frame_2190.jpg,car
frame_2190.jpg,car
frame_2190.jpg,person
frame_2190.jpg,car
frame_2190.jpg,person
frame_2190.jpg,car
frame_2190.jpg,traffic light
frame_2220.jpg,person
frame_2220.jpg,traffic light
frame_2220.jpg,car
frame_2220.jpg,car
frame_2220.jpg,car
frame_2220.jpg,car
frame_2220.jpg,car
frame_2220.jpg,car
frame_2220.jpg,car
frame_2220.jpg,person
frame_2220.jpg,traffic light
frame_2220.jpg,car
frame_2250.jpg,traffic light
frame_2250.jpg,car
frame_2250.jpg,person
frame_2250.jpg,car
frame_2250.jpg,car
frame_2250.jpg,traffic light
frame_2250.jpg,person
frame_2250.jpg,car
frame_2250.jpg,car
frame_2250.jpg,traffic light
frame_2280.jpg,truck
frame_2280.jpg,person
frame_2280.jpg,traffic light
frame_2280.jpg,traffic light
frame_2280.jpg,car
frame_2280.jpg,car
frame_2280.jpg,person
frame_2280.jpg,traffic light
frame_2280.jpg,car
frame_2280.jpg,car
frame_2280.jpg,person
frame_2280.jpg,car
frame_2280.jpg,car
frame_2280.jpg,truck
frame_2280.jpg,car
frame_2280.jpg,person
frame_2310.jpg,person
frame_2310.jpg,truck
frame_2310.jpg,car
frame_2310.jpg,car
frame_2310.jpg,traffic light
frame_2310.jpg,traffic light
frame_2310.jpg,car
frame_2310.jpg,car
frame_2310.jpg,truck
frame_2310.jpg,car
frame_2310.jpg,fire hydrant
frame_2310.jpg,car
frame_2310.jpg,traffic light
frame_2310.jpg,car
frame_2310.jpg,person
frame_2310.jpg,person
frame_2310.jpg,car
frame_2310.jpg,person
frame_2340.jpg,person
frame_2340.jpg,traffic light
frame_2340.jpg,traffic light
frame_2340.jpg,person
frame_2340.jpg,car
frame_2340.jpg,car
frame_2340.jpg,truck
frame_2340.jpg,car
frame_2340.jpg,car
frame_2340.jpg,car
frame_2340.jpg,car
frame_2340.jpg,person
frame_2340.jpg,person
frame_2340.jpg,car
frame_2370.jpg,traffic light
frame_2370.jpg,car
frame_2370.jpg,person
frame_2370.jpg,car
frame_2370.jpg,person
frame_2370.jpg,person
frame_2370.jpg,car
frame_2370.jpg,car
frame_2370.jpg,car
frame_2370.jpg,person
frame_2370.jpg,person
frame_2370.jpg,car
frame_2370.jpg,person
frame_2370.jpg,truck
frame_2370.jpg,person
frame_2370.jpg,person
frame_2370.jpg,truck
frame_2370.jpg,person
frame_240.jpg,car
frame_240.jpg,bus
frame_240.jpg,car
frame_240.jpg,truck
frame_240.jpg,person
frame_240.jpg,person
frame_240.jpg,motorcycle
frame_240.jpg,car
frame_240.jpg,car
frame_240.jpg,car
frame_240.jpg,person
frame_2400.jpg,person
frame_2400.jpg,traffic light
frame_2400.jpg,person
frame_2400.jpg,car
frame_2400.jpg,person
frame_2400.jpg,car
frame_2400.jpg,car
frame_2400.jpg,car
frame_2400.jpg,car
frame_2400.jpg,person
frame_2400.jpg,person
frame_2400.jpg,car
frame_2400.jpg,person
frame_2400.jpg,traffic light
frame_2400.jpg,person
frame_2400.jpg,car
frame_2400.jpg,car
frame_2400.jpg,bus
frame_2400.jpg,person
frame_2400.jpg,person
frame_2400.jpg,person
frame_2430.jpg,traffic light
frame_2430.jpg,car
frame_2430.jpg,truck
frame_2430.jpg,person
frame_2430.jpg,car
frame_2430.jpg,car
frame_2430.jpg,person
frame_2430.jpg,car
frame_2430.jpg,person
frame_2430.jpg,car
frame_2430.jpg,truck
frame_2430.jpg,person
frame_2430.jpg,traffic light
frame_2430.jpg,car
frame_2430.jpg,car
frame_2430.jpg,traffic light
frame_2430.jpg,car
frame_2430.jpg,person
frame_2430.jpg,person
frame_2460.jpg,traffic light
frame_2460.jpg,car
frame_2460.jpg,person
frame_2460.jpg,truck
frame_2460.jpg,person
frame_2460.jpg,car
frame_2460.jpg,person
frame_2460.jpg,truck
frame_2460.jpg,person
frame_2460.jpg,car
frame_2460.jpg,car
frame_2460.jpg,car
frame_2460.jpg,person
frame_2460.jpg,car
frame_2460.jpg,car
frame_2460.jpg,motorcycle
frame_2460.jpg,person
frame_2460.jpg,person
frame_2460.jpg,car
frame_2460.jpg,traffic light
frame_2460.jpg,person
frame_2490.jpg,traffic light
frame_2490.jpg,car
frame_2490.jpg,traffic light
frame_2490.jpg,person
frame_2490.jpg,car
frame_2490.jpg,car
frame_2490.jpg,car
frame_2490.jpg,person
frame_2490.jpg,car
frame_2490.jpg,person
frame_2490.jpg,car
frame_2490.jpg,motorcycle
frame_2490.jpg,car
frame_2490.jpg,person
frame_2490.jpg,traffic light
frame_2490.jpg,truck
frame_2490.jpg,person
frame_2490.jpg,person
frame_2490.jpg,car
frame_2490.jpg,person
frame_2520.jpg,car
frame_2520.jpg,person
frame_2520.jpg,person
frame_2520.jpg,person
frame_2520.jpg,person
frame_2520.jpg,traffic light
frame_2520.jpg,car
frame_2520.jpg,truck
frame_2520.jpg,truck
frame_2520.jpg,suitcase
frame_2520.jpg,car
frame_2520.jpg,person
frame_2520.jpg,traffic light
frame_2520.jpg,car
frame_2520.jpg,car
frame_2520.jpg,car
frame_2520.jpg,truck
frame_2520.jpg,person
frame_2520.jpg,person
frame_2550.jpg,person
frame_2550.jpg,person
frame_2550.jpg,truck
frame_2550.jpg,car
frame_2550.jpg,person
frame_2550.jpg,traffic light
frame_2550.jpg,car
frame_2550.jpg,person
frame_2550.jpg,traffic light
frame_2550.jpg,person
frame_2550.jpg,person
frame_2550.jpg,person
frame_2550.jpg,car
frame_2550.jpg,person
frame_2550.jpg,car
frame_2550.jpg,person
frame_2550.jpg,car
frame_2550.jpg,car
frame_2580.jpg,car
frame_2580.jpg,person
frame_2580.jpg,person
frame_2580.jpg,person
frame_2580.jpg,car
frame_2580.jpg,person
frame_2580.jpg,person
frame_2580.jpg,motorcycle
frame_2580.jpg,traffic light
frame_2580.jpg,car
frame_2580.jpg,bus
frame_2580.jpg,person
frame_2580.jpg,person
frame_2580.jpg,car
frame_2580.jpg,person
frame_2580.jpg,car
frame_2580.jpg,person
frame_2580.jpg,car
frame_2580.jpg,truck
frame_2580.jpg,car
frame_2580.jpg,car
frame_2610.jpg,person
frame_2610.jpg,person
frame_2610.jpg,traffic light
frame_2610.jpg,car
frame_2610.jpg,truck
frame_2610.jpg,person
frame_2610.jpg,car
frame_2610.jpg,car
frame_2610.jpg,car
frame_2610.jpg,traffic light
frame_2610.jpg,truck
frame_2610.jpg,person
frame_2610.jpg,person
frame_2610.jpg,traffic light
frame_2610.jpg,person
frame_2610.jpg,car
frame_2610.jpg,person
frame_2610.jpg,person
frame_2610.jpg,person
frame_2640.jpg,car
frame_2640.jpg,truck
frame_2640.jpg,car
frame_2640.jpg,truck
frame_2640.jpg,car
frame_2640.jpg,traffic light
frame_2640.jpg,car
frame_2640.jpg,car
frame_2640.jpg,car
frame_2640.jpg,car
frame_2640.jpg,person
frame_2640.jpg,person
frame_2640.jpg,traffic light
frame_2640.jpg,person
frame_2640.jpg,car
frame_2640.jpg,car
frame_2640.jpg,person
frame_2670.jpg,bus
frame_2670.jpg,person
frame_2670.jpg,bus
frame_2670.jpg,car
frame_2670.jpg,person
frame_2670.jpg,truck
frame_2670.jpg,truck
frame_2670.jpg,car
frame_2670.jpg,traffic light
frame_2670.jpg,car
frame_2670.jpg,car
frame_2670.jpg,person
frame_2670.jpg,car
frame_2670.jpg,person
frame_2670.jpg,car
frame_2670.jpg,car
frame_2670.jpg,truck
frame_2670.jpg,person
frame_270.jpg,car
frame_270.jpg,traffic light
frame_270.jpg,truck
frame_270.jpg,bus
frame_270.jpg,motorcycle
frame_270.jpg,car
frame_270.jpg,person
frame_270.jpg,car
frame_270.jpg,person
frame_270.jpg,car
frame_2700.jpg,traffic light
frame_2700.jpg,person
frame_2700.jpg,car
frame_2700.jpg,person
frame_2700.jpg,car
frame_2700.jpg,person
frame_2700.jpg,car
frame_2700.jpg,car
frame_2700.jpg,person
frame_2700.jpg,truck
frame_2700.jpg,car
frame_2700.jpg,car
frame_2700.jpg,person
frame_2700.jpg,bus
frame_2700.jpg,bus
frame_2700.jpg,car
frame_2700.jpg,truck
frame_2700.jpg,car
frame_2730.jpg,person
frame_2730.jpg,person
frame_2730.jpg,bus
frame_2730.jpg,person
frame_2730.jpg,person
frame_2730.jpg,car
frame_2730.jpg,car
frame_2730.jpg,bus
frame_2730.jpg,person
frame_2730.jpg,traffic light
frame_2730.jpg,truck
frame_2730.jpg,car
frame_2730.jpg,traffic light
frame_2730.jpg,truck
frame_2730.jpg,car
frame_2730.jpg,car
frame_2760.jpg,person
frame_2760.jpg,car
frame_2760.jpg,truck
frame_2760.jpg,person
frame_2760.jpg,car
frame_2760.jpg,bus
frame_2760.jpg,car
frame_2760.jpg,bus
frame_2760.jpg,traffic light
frame_2760.jpg,person
frame_2760.jpg,car
frame_2760.jpg,car
frame_2760.jpg,traffic light
frame_2790.jpg,car
frame_2790.jpg,person
frame_2790.jpg,bus
frame_2790.jpg,person
frame_2790.jpg,person
frame_2790.jpg,car
frame_2790.jpg,car
frame_2790.jpg,traffic light
frame_2790.jpg,truck
frame_2790.jpg,car
frame_2790.jpg,truck
frame_2790.jpg,car
frame_2790.jpg,traffic light
frame_2820.jpg,car
frame_2820.jpg,truck
frame_2820.jpg,car
frame_2820.jpg,car
frame_2820.jpg,person
frame_2820.jpg,traffic light
frame_2820.jpg,car
frame_2820.jpg,car
frame_2820.jpg,car
frame_2820.jpg,person
frame_2820.jpg,truck
frame_2820.jpg,traffic light
frame_2820.jpg,car
frame_2820.jpg,traffic light
frame_2820.jpg,car
frame_2850.jpg,truck
frame_2850.jpg,train
frame_2850.jpg,person
frame_2850.jpg,car
frame_2850.jpg,person
frame_2850.jpg,person
frame_2850.jpg,person
frame_2850.jpg,car
frame_2850.jpg,traffic light
frame_2850.jpg,car
frame_2850.jpg,person
frame_2850.jpg,bus
frame_2850.jpg,truck
frame_2850.jpg,car
frame_2850.jpg,person
frame_2850.jpg,suitcase
frame_2850.jpg,person
frame_2850.jpg,car
frame_2850.jpg,traffic light
frame_2850.jpg,car
frame_2880.jpg,person
frame_2880.jpg,person
frame_2880.jpg,person
frame_2880.jpg,person
frame_2880.jpg,truck
frame_2880.jpg,truck
frame_2880.jpg,person
frame_2880.jpg,truck
frame_2880.jpg,car
frame_2880.jpg,person
frame_2880.jpg,car
frame_2880.jpg,car
frame_2880.jpg,traffic light
frame_2880.jpg,traffic light
frame_2880.jpg,bus
frame_2880.jpg,person
frame_2880.jpg,truck
frame_2880.jpg,car
frame_2880.jpg,person
frame_2880.jpg,traffic light
frame_2880.jpg,person
frame_2910.jpg,person
frame_2910.jpg,person
frame_2910.jpg,person
frame_2910.jpg,truck
frame_2910.jpg,truck
frame_2910.jpg,car
frame_2910.jpg,traffic light
frame_2910.jpg,person
frame_2910.jpg,truck
frame_2910.jpg,traffic light
frame_2910.jpg,traffic light
frame_2910.jpg,car
frame_2910.jpg,car
frame_2910.jpg,traffic light
frame_2910.jpg,car
frame_2910.jpg,car
frame_2910.jpg,car
frame_2940.jpg,person
frame_2940.jpg,person
frame_2940.jpg,person
frame_2940.jpg,person
frame_2940.jpg,car
frame_2940.jpg,car
frame_2940.jpg,bus
frame_2940.jpg,person
frame_2940.jpg,car
frame_2940.jpg,truck
frame_2940.jpg,car
frame_2940.jpg,truck
frame_2940.jpg,traffic light
frame_2940.jpg,person
frame_2970.jpg,car
frame_2970.jpg,car
frame_2970.jpg,car
frame_2970.jpg,person
frame_2970.jpg,bus
frame_2970.jpg,person
frame_2970.jpg,traffic light
frame_2970.jpg,car
frame_2970.jpg,person
frame_2970.jpg,truck
frame_2970.jpg,car
frame_2970.jpg,car
frame_30.jpg,traffic light
frame_30.jpg,car
frame_30.jpg,traffic light
frame_30.jpg,person
frame_30.jpg,truck
frame_30.jpg,traffic light
frame_30.jpg,car
frame_30.jpg,person
frame_30.jpg,car
frame_30.jpg,car
frame_30.jpg,motorcycle
frame_30.jpg,person
frame_300.jpg,car
frame_300.jpg,car
frame_300.jpg,car
frame_300.jpg,person
frame_300.jpg,car
frame_300.jpg,car
frame_300.jpg,person
frame_300.jpg,traffic light
frame_300.jpg,motorcycle
frame_3000.jpg,truck
frame_3000.jpg,car
frame_3000.jpg,traffic light
frame_3000.jpg,truck
frame_3000.jpg,car
frame_3000.jpg,car
frame_3000.jpg,car
frame_3000.jpg,car
frame_3000.jpg,truck
frame_3000.jpg,car
frame_3000.jpg,car
frame_3000.jpg,car
frame_3030.jpg,person
frame_3030.jpg,person
frame_3030.jpg,car
frame_3030.jpg,traffic light
frame_3030.jpg,car
frame_3030.jpg,person
frame_3030.jpg,truck
frame_3030.jpg,car
frame_3030.jpg,train
frame_3030.jpg,parking meter
frame_3030.jpg,car
frame_3030.jpg,car
frame_3030.jpg,car
frame_3030.jpg,person
frame_3030.jpg,person
frame_3030.jpg,traffic light
frame_3030.jpg,car
frame_3030.jpg,car
frame_3060.jpg,person
frame_3060.jpg,car
frame_3060.jpg,car
frame_3060.jpg,traffic light
frame_3060.jpg,car
frame_3060.jpg,car
frame_3060.jpg,car
frame_3060.jpg,person
frame_3060.jpg,car
frame_3060.jpg,person
frame_3060.jpg,person
frame_3060.jpg,car
frame_3060.jpg,traffic light
frame_3060.jpg,traffic light
frame_3060.jpg,car
frame_3060.jpg,truck
frame_3060.jpg,traffic light
frame_3060.jpg,person
frame_3060.jpg,person
frame_3090.jpg,person
frame_3090.jpg,traffic light
frame_3090.jpg,person
frame_3090.jpg,car
frame_3090.jpg,car
frame_3090.jpg,car
frame_3090.jpg,car
frame_3090.jpg,car
frame_3090.jpg,car
frame_3090.jpg,person
frame_3090.jpg,traffic light
frame_3090.jpg,person
frame_3090.jpg,person
frame_3090.jpg,car
frame_3090.jpg,car
frame_3090.jpg,car
frame_3120.jpg,person
frame_3120.jpg,car
frame_3120.jpg,person
frame_3120.jpg,car
frame_3120.jpg,car
frame_3120.jpg,car
frame_3120.jpg,car
frame_3120.jpg,person
frame_3120.jpg,car
frame_3120.jpg,car
frame_3120.jpg,truck
frame_3120.jpg,person
frame_3120.jpg,person
frame_3120.jpg,person
frame_3120.jpg,car
frame_3120.jpg,traffic light
frame_3150.jpg,traffic light
frame_3150.jpg,person
frame_3150.jpg,truck
frame_3150.jpg,person
frame_3150.jpg,car
frame_3150.jpg,person
frame_3150.jpg,car
frame_3150.jpg,person
frame_3150.jpg,person
frame_3150.jpg,car
frame_3150.jpg,car
frame_3150.jpg,person
frame_3150.jpg,person
frame_3150.jpg,traffic light
frame_3150.jpg,umbrella
frame_3150.jpg,person
frame_3150.jpg,car
frame_3150.jpg,car
frame_3150.jpg,motorcycle
frame_3150.jpg,traffic light
frame_3150.jpg,person
frame_3150.jpg,traffic light
frame_3150.jpg,car
frame_3180.jpg,person
frame_3180.jpg,person
frame_3180.jpg,car
frame_3180.jpg,car
frame_3180.jpg,person
frame_3180.jpg,car
frame_3180.jpg,car
frame_3180.jpg,car
frame_3180.jpg,car
frame_3180.jpg,truck
frame_3180.jpg,traffic light
frame_3180.jpg,car
frame_3180.jpg,car
frame_3180.jpg,person
frame_3180.jpg,person
frame_3210.jpg,person
frame_3210.jpg,car
frame_3210.jpg,person
frame_3210.jpg,car
frame_3210.jpg,car
frame_3210.jpg,car
frame_3210.jpg,car
frame_3210.jpg,person
frame_3210.jpg,car
frame_3210.jpg,truck
frame_3210.jpg,person
frame_3210.jpg,car
frame_3210.jpg,car
frame_3210.jpg,car
frame_3210.jpg,car
frame_3210.jpg,bus
frame_3210.jpg,traffic light
frame_3240.jpg,car
frame_3240.jpg,truck
frame_3240.jpg,person
frame_3240.jpg,car
frame_3240.jpg,car
frame_3240.jpg,car
frame_3240.jpg,car
frame_3240.jpg,car
frame_3240.jpg,car
frame_3240.jpg,truck
frame_3240.jpg,car
frame_3240.jpg,car
frame_3240.jpg,car
frame_3240.jpg,car
frame_3240.jpg,person
frame_3240.jpg,car
frame_3270.jpg,car
frame_3270.jpg,car
frame_3270.jpg,car
frame_3270.jpg,car
frame_3270.jpg,person
frame_3270.jpg,car
frame_3270.jpg,car
frame_3270.jpg,traffic light
frame_3270.jpg,bus
frame_3270.jpg,car
frame_3270.jpg,person
frame_330.jpg,car
frame_330.jpg,car
frame_330.jpg,traffic light
frame_330.jpg,person
frame_330.jpg,car
frame_330.jpg,car
frame_330.jpg,person
frame_330.jpg,car
frame_330.jpg,suitcase
frame_330.jpg,car
frame_330.jpg,person
frame_330.jpg,car
frame_3300.jpg,car
frame_3300.jpg,car
frame_3300.jpg,bus
frame_3300.jpg,car
frame_3300.jpg,truck
frame_3300.jpg,car
frame_3300.jpg,bus
frame_3300.jpg,car
frame_3300.jpg,person
frame_3300.jpg,person
frame_3300.jpg,car
frame_3300.jpg,car
frame_3330.jpg,car
frame_3330.jpg,car
frame_3330.jpg,car
frame_3330.jpg,car
frame_3330.jpg,person
frame_3330.jpg,car
frame_3330.jpg,car
frame_3330.jpg,car
frame_3330.jpg,traffic light
frame_3330.jpg,car
frame_3360.jpg,person
frame_3360.jpg,car
frame_3360.jpg,car
frame_3360.jpg,person
frame_3360.jpg,car
frame_3360.jpg,car
frame_3360.jpg,car
frame_3360.jpg,traffic light
frame_3360.jpg,car
frame_3390.jpg,traffic light
frame_3390.jpg,car
frame_3390.jpg,car
frame_3390.jpg,person
frame_3390.jpg,car
frame_3390.jpg,car
frame_3390.jpg,car
frame_3390.jpg,car
frame_3390.jpg,traffic light
frame_3390.jpg,car
frame_3420.jpg,car
frame_3420.jpg,motorcycle
frame_3420.jpg,car
frame_3420.jpg,car
frame_3420.jpg,car
frame_3420.jpg,car
frame_3420.jpg,traffic light
frame_3420.jpg,car
frame_3420.jpg,car
frame_3420.jpg,person
frame_3420.jpg,person
frame_3420.jpg,car
frame_3450.jpg,car
frame_3450.jpg,motorcycle
frame_3450.jpg,car
frame_3450.jpg,car
frame_3450.jpg,motorcycle
frame_3450.jpg,traffic light
frame_3450.jpg,car
frame_3450.jpg,motorcycle
frame_3450.jpg,person
frame_3450.jpg,car
frame_3480.jpg,car
frame_3480.jpg,car
frame_3480.jpg,motorcycle
frame_3480.jpg,person
frame_3480.jpg,person
frame_3480.jpg,traffic light
frame_3480.jpg,person
frame_3480.jpg,car
frame_3480.jpg,car
frame_3480.jpg,car
frame_3480.jpg,car
frame_3510.jpg,traffic light
frame_3510.jpg,car
frame_3510.jpg,motorcycle
frame_3510.jpg,car
frame_3510.jpg,car
frame_3510.jpg,person
frame_3510.jpg,person
frame_3510.jpg,person
frame_3510.jpg,person
frame_3510.jpg,motorcycle
frame_3510.jpg,car
frame_3510.jpg,car
frame_3510.jpg,person
frame_3510.jpg,traffic light
frame_3510.jpg,car
frame_3540.jpg,motorcycle
frame_3540.jpg,person
frame_3540.jpg,car
frame_3540.jpg,car
frame_3540.jpg,car
frame_3540.jpg,car
frame_3540.jpg,person
frame_3540.jpg,motorcycle
frame_3540.jpg,person
frame_3540.jpg,car
frame_3540.jpg,person
frame_3540.jpg,car
frame_3540.jpg,person
frame_3540.jpg,car
frame_3540.jpg,car
frame_3540.jpg,car
frame_3570.jpg,person
frame_3570.jpg,person
frame_3570.jpg,traffic light
frame_3570.jpg,person
frame_3570.jpg,car
frame_3570.jpg,car
frame_3570.jpg,car
frame_3570.jpg,car
frame_3570.jpg,motorcycle
frame_3570.jpg,car
frame_3570.jpg,car
frame_3570.jpg,car
frame_3570.jpg,person
frame_3570.jpg,person
frame_3570.jpg,person
frame_3570.jpg,car
frame_3570.jpg,car
frame_3570.jpg,car
frame_3570.jpg,person
frame_360.jpg,car
frame_360.jpg,person
frame_360.jpg,person
frame_360.jpg,traffic light
frame_360.jpg,car
frame_360.jpg,person
frame_360.jpg,car
frame_360.jpg,car
frame_360.jpg,motorcycle
frame_360.jpg,person
frame_360.jpg,car
frame_3600.jpg,car
frame_3600.jpg,traffic light
frame_3600.jpg,person
frame_3600.jpg,car
frame_3600.jpg,car
frame_3600.jpg,car
frame_3600.jpg,person
frame_3600.jpg,car
frame_3600.jpg,car
frame_3600.jpg,person
frame_3600.jpg,person
frame_3630.jpg,person
frame_3630.jpg,car
frame_3630.jpg,person
frame_3630.jpg,car
frame_3630.jpg,person
frame_3630.jpg,person
frame_3630.jpg,car
frame_3630.jpg,truck
frame_3630.jpg,car
frame_3630.jpg,motorcycle
frame_3630.jpg,car
frame_3630.jpg,car
frame_3630.jpg,person
frame_3630.jpg,car
frame_3630.jpg,person
frame_3630.jpg,person
frame_3630.jpg,traffic light
frame_3630.jpg,person
frame_3660.jpg,person
frame_3660.jpg,traffic light
frame_3660.jpg,car
frame_3660.jpg,person
frame_3660.jpg,person
frame_3660.jpg,person
frame_3660.jpg,traffic light
frame_3660.jpg,car
frame_3660.jpg,person
frame_3660.jpg,person
frame_3660.jpg,car
frame_3660.jpg,car
frame_3660.jpg,person
frame_3660.jpg,car
frame_3660.jpg,car
frame_3660.jpg,person
frame_3660.jpg,car
frame_3690.jpg,person
frame_3690.jpg,car
frame_3690.jpg,person
frame_3690.jpg,person
frame_3690.jpg,person
frame_3690.jpg,car
frame_3690.jpg,traffic light
frame_3690.jpg,car
frame_3690.jpg,car
frame_3690.jpg,traffic light
frame_3690.jpg,car
frame_3690.jpg,car
frame_3690.jpg,car
frame_3690.jpg,person
frame_3690.jpg,person
frame_3690.jpg,person
frame_3690.jpg,person
frame_3720.jpg,person
frame_3720.jpg,car
frame_3720.jpg,person
frame_3720.jpg,car
frame_3720.jpg,person
frame_3720.jpg,car
frame_3720.jpg,car
frame_3720.jpg,person
frame_3720.jpg,person
frame_3720.jpg,car
frame_3720.jpg,traffic light
frame_3720.jpg,person
frame_3720.jpg,car
frame_3720.jpg,car
frame_3720.jpg,car
frame_3720.jpg,car
frame_3720.jpg,person
frame_3720.jpg,person
frame_3720.jpg,person
frame_3720.jpg,car
frame_3750.jpg,car
frame_3750.jpg,person
frame_3750.jpg,person
frame_3750.jpg,person
frame_3750.jpg,car
frame_3750.jpg,car
frame_3750.jpg,car
frame_3750.jpg,car
frame_3750.jpg,traffic light
frame_3750.jpg,person
frame_3750.jpg,person
frame_3750.jpg,traffic light
frame_3750.jpg,car
frame_3750.jpg,person
frame_3750.jpg,person
frame_3750.jpg,car
frame_3750.jpg,person
frame_3750.jpg,person
frame_3750.jpg,truck
frame_3750.jpg,car
frame_3780.jpg,car
frame_3780.jpg,person
frame_3780.jpg,person
frame_3780.jpg,car
frame_3780.jpg,person
frame_3780.jpg,person
frame_3780.jpg,person
frame_3780.jpg,car
frame_3780.jpg,car
frame_3780.jpg,person
frame_3780.jpg,car
frame_3780.jpg,car
frame_3780.jpg,person
frame_3780.jpg,car
frame_3780.jpg,car
frame_3780.jpg,car
frame_3780.jpg,car
frame_3780.jpg,person
frame_3780.jpg,truck
frame_3780.jpg,person
frame_3780.jpg,car
frame_3810.jpg,person
frame_3810.jpg,traffic light
frame_3810.jpg,person
frame_3810.jpg,person
frame_3810.jpg,person
frame_3810.jpg,car
frame_3810.jpg,person
frame_3810.jpg,car
frame_3810.jpg,person
frame_3810.jpg,car
frame_3810.jpg,truck
frame_3810.jpg,car
frame_3810.jpg,car
frame_3810.jpg,car
frame_3810.jpg,car
frame_3810.jpg,car
frame_3810.jpg,person
frame_3810.jpg,car
frame_3840.jpg,car
frame_3840.jpg,person
frame_3840.jpg,person
frame_3840.jpg,car
frame_3840.jpg,person
frame_3840.jpg,person
frame_3840.jpg,person
frame_3840.jpg,person
frame_3840.jpg,car
frame_3840.jpg,person
frame_3840.jpg,person
frame_3840.jpg,traffic light
frame_3840.jpg,car
frame_3840.jpg,traffic light
frame_3840.jpg,person
frame_3840.jpg,car
frame_3840.jpg,car
frame_3840.jpg,car
frame_3840.jpg,person
frame_3870.jpg,car
frame_3870.jpg,person
frame_3870.jpg,person
frame_3870.jpg,person
frame_3870.jpg,person
frame_3870.jpg,traffic light
frame_3870.jpg,car
frame_3870.jpg,person
frame_3870.jpg,person
frame_3870.jpg,car
frame_3870.jpg,car
frame_3870.jpg,car
frame_3870.jpg,person
frame_3870.jpg,person
frame_3870.jpg,car
frame_3870.jpg,traffic light
frame_3870.jpg,person
frame_3870.jpg,person
frame_3870.jpg,person
frame_3870.jpg,person
frame_390.jpg,truck
frame_390.jpg,motorcycle
frame_390.jpg,person
frame_390.jpg,car
frame_390.jpg,car
frame_390.jpg,truck
frame_390.jpg,car
frame_390.jpg,car
frame_390.jpg,traffic light
frame_390.jpg,suitcase
frame_3900.jpg,person
frame_3900.jpg,person
frame_3900.jpg,person
frame_3900.jpg,person
frame_3900.jpg,car
frame_3900.jpg,person
frame_3900.jpg,person
frame_3900.jpg,car
frame_3900.jpg,car
frame_3900.jpg,truck
frame_3900.jpg,person
frame_3900.jpg,person
frame_3900.jpg,car
frame_3900.jpg,person
frame_3900.jpg,car
frame_3900.jpg,car
frame_3930.jpg,person
frame_3930.jpg,person
frame_3930.jpg,person
frame_3930.jpg,traffic light
frame_3930.jpg,car
frame_3930.jpg,traffic light
frame_3930.jpg,person
frame_3930.jpg,car
frame_3930.jpg,person
frame_3930.jpg,car
frame_3930.jpg,traffic light
frame_3930.jpg,truck
frame_3930.jpg,person
frame_3930.jpg,truck
frame_3930.jpg,car
frame_3930.jpg,person
frame_3930.jpg,car
frame_3930.jpg,person
frame_3930.jpg,person
frame_3930.jpg,car
frame_3930.jpg,car
frame_3960.jpg,car
frame_3960.jpg,traffic light
frame_3960.jpg,person
frame_3960.jpg,person
frame_3960.jpg,person
frame_3960.jpg,person
frame_3960.jpg,car
frame_3960.jpg,person
frame_3960.jpg,car
frame_3960.jpg,truck
frame_3960.jpg,car
frame_3960.jpg,car
frame_3960.jpg,person
frame_3960.jpg,person
frame_3960.jpg,car
frame_3960.jpg,person
frame_3960.jpg,motorcycle
frame_3960.jpg,person
frame_3960.jpg,car
frame_3960.jpg,car
frame_3960.jpg,car
frame_3960.jpg,person
frame_3960.jpg,car
frame_3960.jpg,person
frame_3990.jpg,car
frame_3990.jpg,car
frame_3990.jpg,person
frame_3990.jpg,car
frame_3990.jpg,person
frame_3990.jpg,car
frame_3990.jpg,person
frame_3990.jpg,car
frame_3990.jpg,person
frame_3990.jpg,person
frame_3990.jpg,traffic light
frame_3990.jpg,person
frame_3990.jpg,car
frame_3990.jpg,person
frame_3990.jpg,person
frame_3990.jpg,car
frame_3990.jpg,car
frame_3990.jpg,car
frame_3990.jpg,car
frame_4020.jpg,car
frame_4020.jpg,person
frame_4020.jpg,car
frame_4020.jpg,car
frame_4020.jpg,traffic light
frame_4020.jpg,car
frame_4020.jpg,person
frame_4020.jpg,car
frame_4020.jpg,person
frame_4020.jpg,person
frame_4020.jpg,car
frame_4020.jpg,person
frame_4020.jpg,person
frame_4020.jpg,car
frame_4020.jpg,person
frame_4020.jpg,traffic light
frame_4020.jpg,car
frame_4020.jpg,person
frame_4020.jpg,car
frame_4020.jpg,car
frame_4020.jpg,car
frame_4020.jpg,person
frame_4020.jpg,person
frame_4020.jpg,car
frame_4020.jpg,truck
frame_4050.jpg,person
frame_4050.jpg,traffic light
frame_4050.jpg,person
frame_4050.jpg,car
frame_4050.jpg,person
frame_4050.jpg,person
frame_4050.jpg,person
frame_4050.jpg,car
frame_4050.jpg,car
frame_4050.jpg,car
frame_4050.jpg,person
frame_4050.jpg,car
frame_4050.jpg,person
frame_4050.jpg,person
frame_4050.jpg,traffic light
frame_4050.jpg,person
frame_4050.jpg,car
frame_4050.jpg,traffic light
frame_4050.jpg,person
frame_4050.jpg,person
frame_4050.jpg,traffic light
frame_4050.jpg,person
frame_4080.jpg,car
frame_4080.jpg,car
frame_4080.jpg,person
frame_4080.jpg,person
frame_4080.jpg,person
frame_4080.jpg,traffic light
frame_4080.jpg,person
frame_4080.jpg,car
frame_4080.jpg,car
frame_4080.jpg,car
frame_4080.jpg,person
frame_4080.jpg,car
frame_4080.jpg,car
frame_4080.jpg,person
frame_4080.jpg,car
frame_4080.jpg,car
frame_4080.jpg,person
frame_4080.jpg,car
frame_4080.jpg,person
frame_4080.jpg,person
frame_4080.jpg,car
frame_4080.jpg,person
frame_4080.jpg,person
frame_4110.jpg,car
frame_4110.jpg,person
frame_4110.jpg,traffic light
frame_4110.jpg,person
frame_4110.jpg,person
frame_4110.jpg,car
frame_4110.jpg,person
frame_4110.jpg,person
frame_4110.jpg,car
frame_4110.jpg,person
frame_4110.jpg,car
frame_4110.jpg,car
frame_4110.jpg,traffic light
frame_4110.jpg,person
frame_4110.jpg,car
frame_4110.jpg,person
frame_4110.jpg,person
frame_4110.jpg,car
frame_4110.jpg,car
frame_4110.jpg,person
frame_4110.jpg,traffic light
frame_4110.jpg,car
frame_4140.jpg,car
frame_4140.jpg,person
frame_4140.jpg,car
frame_4140.jpg,person
frame_4140.jpg,car
frame_4140.jpg,person
frame_4140.jpg,car
frame_4140.jpg,person
frame_4140.jpg,person
frame_4140.jpg,car
frame_4140.jpg,car
frame_4140.jpg,person
frame_4140.jpg,car
frame_4140.jpg,person
frame_4140.jpg,person
frame_4140.jpg,traffic light
frame_4140.jpg,car
frame_4140.jpg,motorcycle
frame_4140.jpg,person
frame_4140.jpg,person
frame_4140.jpg,car
frame_4140.jpg,person
frame_4140.jpg,car
frame_4170.jpg,car
frame_4170.jpg,car
frame_4170.jpg,car
frame_4170.jpg,person
frame_4170.jpg,car
frame_4170.jpg,person
frame_4170.jpg,car
frame_4170.jpg,person
frame_4170.jpg,person
frame_4170.jpg,car
frame_4170.jpg,person
frame_4170.jpg,car
frame_4170.jpg,person
frame_4170.jpg,person
frame_4170.jpg,car
frame_4170.jpg,person
frame_4170.jpg,person
frame_4170.jpg,car
frame_4170.jpg,traffic light
frame_4170.jpg,person
frame_4170.jpg,car
frame_4170.jpg,traffic light
frame_4170.jpg,person
frame_4170.jpg,car
frame_4170.jpg,motorcycle
frame_420.jpg,car
frame_420.jpg,car
frame_420.jpg,person
frame_420.jpg,motorcycle
frame_420.jpg,car
frame_420.jpg,car
frame_420.jpg,truck
frame_420.jpg,person
frame_420.jpg,car
frame_420.jpg,car
frame_420.jpg,person
frame_420.jpg,car
frame_4200.jpg,person
frame_4200.jpg,car
frame_4200.jpg,person
frame_4200.jpg,car
frame_4200.jpg,person
frame_4200.jpg,person
frame_4200.jpg,car
frame_4200.jpg,person
frame_4200.jpg,car
frame_4200.jpg,person
frame_4200.jpg,person
frame_4200.jpg,person
frame_4200.jpg,traffic light
frame_4200.jpg,motorcycle
frame_4200.jpg,car
frame_4200.jpg,car
frame_4200.jpg,car
frame_4200.jpg,car
frame_4200.jpg,person
frame_4200.jpg,car
frame_4200.jpg,traffic light
frame_4200.jpg,person
frame_4200.jpg,car
frame_4230.jpg,person
frame_4230.jpg,car
frame_4230.jpg,car
frame_4230.jpg,person
frame_4230.jpg,person
frame_4230.jpg,car
frame_4230.jpg,person
frame_4230.jpg,person
frame_4230.jpg,car
frame_4230.jpg,car
frame_4230.jpg,person
frame_4230.jpg,car
frame_4230.jpg,traffic light
frame_4230.jpg,car
frame_4230.jpg,car
frame_4230.jpg,car
frame_4230.jpg,person
frame_4230.jpg,person
frame_4230.jpg,car
frame_4230.jpg,car
frame_4230.jpg,car
frame_4230.jpg,person
frame_4230.jpg,car
frame_4260.jpg,car
frame_4260.jpg,person
frame_4260.jpg,person
frame_4260.jpg,car
frame_4260.jpg,car
frame_4260.jpg,person
frame_4260.jpg,car
frame_4260.jpg,car
frame_4260.jpg,car
frame_4260.jpg,person
frame_4260.jpg,person
frame_4260.jpg,person
frame_4260.jpg,car
frame_4260.jpg,car
frame_4260.jpg,traffic light
frame_4260.jpg,car
frame_4260.jpg,car
frame_4260.jpg,traffic light
frame_4290.jpg,car
frame_4290.jpg,car
frame_4290.jpg,car
frame_4290.jpg,person
frame_4290.jpg,person
frame_4290.jpg,person
frame_4290.jpg,person
frame_4290.jpg,car
frame_4290.jpg,traffic light
frame_4290.jpg,car
frame_4290.jpg,car
frame_4290.jpg,traffic light
frame_4290.jpg,person
frame_4290.jpg,person
frame_4290.jpg,car
frame_4290.jpg,person
frame_4290.jpg,car
frame_4290.jpg,car
frame_4290.jpg,car
frame_4290.jpg,car
frame_4290.jpg,person
frame_4290.jpg,car
frame_4290.jpg,car
frame_4290.jpg,car
frame_4290.jpg,motorcycle
frame_4290.jpg,person
frame_4290.jpg,car
frame_4290.jpg,person
frame_4320.jpg,car
frame_4320.jpg,person
frame_4320.jpg,car
frame_4320.jpg,car
frame_4320.jpg,person
frame_4320.jpg,person
frame_4320.jpg,person
frame_4320.jpg,traffic light
frame_4320.jpg,car
frame_4320.jpg,person
frame_4320.jpg,car
frame_4320.jpg,person
frame_4320.jpg,car
frame_4320.jpg,car
frame_4320.jpg,car
frame_4320.jpg,person
frame_4350.jpg,car
frame_4350.jpg,car
frame_4350.jpg,person
frame_4350.jpg,person
frame_4350.jpg,traffic light
frame_4350.jpg,car
frame_4350.jpg,person
frame_4350.jpg,car
frame_4350.jpg,car
frame_4350.jpg,person
frame_4350.jpg,car
frame_4350.jpg,car
frame_4350.jpg,traffic light
frame_4350.jpg,car
frame_4350.jpg,car
frame_4350.jpg,person
frame_4350.jpg,car
frame_4350.jpg,car
frame_4350.jpg,person
frame_4350.jpg,car
frame_4350.jpg,person
frame_4350.jpg,car
frame_4380.jpg,traffic light
frame_4380.jpg,person
frame_4380.jpg,person
frame_4380.jpg,traffic light
frame_4380.jpg,car
frame_4380.jpg,person
frame_4380.jpg,car
frame_4380.jpg,car
frame_4380.jpg,car
frame_4380.jpg,person
frame_4380.jpg,person
frame_4380.jpg,car
frame_4380.jpg,person
frame_4380.jpg,car
frame_4380.jpg,motorcycle
frame_4380.jpg,person
frame_4380.jpg,car
frame_4380.jpg,person
frame_4410.jpg,person
frame_4410.jpg,traffic light
frame_4410.jpg,person
frame_4410.jpg,traffic light
frame_4410.jpg,car
frame_4410.jpg,car
frame_4410.jpg,person
frame_4410.jpg,person
frame_4410.jpg,car
frame_4410.jpg,traffic light
frame_4410.jpg,person
frame_4410.jpg,car
frame_4410.jpg,car
frame_4410.jpg,car
frame_4410.jpg,car
frame_4410.jpg,car
frame_4410.jpg,car
frame_4410.jpg,truck
frame_4410.jpg,car
frame_4410.jpg,motorcycle
frame_4410.jpg,person
frame_4410.jpg,person
frame_4410.jpg,car
frame_4440.jpg,car
frame_4440.jpg,person
frame_4440.jpg,car
frame_4440.jpg,car
frame_4440.jpg,traffic light
frame_4440.jpg,person
frame_4440.jpg,car
frame_4440.jpg,person
frame_4440.jpg,car
frame_4440.jpg,car
frame_4440.jpg,person
frame_4440.jpg,car
frame_4440.jpg,traffic light
frame_4440.jpg,person
frame_4440.jpg,truck
frame_4440.jpg,person
frame_4440.jpg,car
frame_4440.jpg,person
frame_4440.jpg,person
frame_4440.jpg,car
frame_4440.jpg,car
frame_4440.jpg,person
frame_4470.jpg,car
frame_4470.jpg,person
frame_4470.jpg,person
frame_4470.jpg,person
frame_4470.jpg,car
frame_4470.jpg,person
frame_4470.jpg,traffic light
frame_4470.jpg,person
frame_4470.jpg,car
frame_4470.jpg,car
frame_4470.jpg,traffic light
frame_4470.jpg,person
frame_4470.jpg,person
frame_4470.jpg,person
frame_4470.jpg,car
frame_4470.jpg,traffic light
frame_4470.jpg,person
frame_4470.jpg,car
frame_4470.jpg,car
frame_450.jpg,car
frame_450.jpg,car
frame_450.jpg,car
frame_450.jpg,person
frame_450.jpg,person
frame_450.jpg,person
frame_450.jpg,motorcycle
frame_450.jpg,person
frame_4500.jpg,car
frame_4500.jpg,person
frame_4500.jpg,traffic light
frame_4500.jpg,person
frame_4500.jpg,traffic light
frame_4500.jpg,person
frame_4500.jpg,car
frame_4500.jpg,person
frame_4500.jpg,car
frame_4500.jpg,person
frame_4500.jpg,person
frame_4500.jpg,car
frame_4500.jpg,person
frame_4530.jpg,person
frame_4530.jpg,person
frame_4530.jpg,car
frame_4530.jpg,car
frame_4530.jpg,person
frame_4530.jpg,person
frame_4530.jpg,person
frame_4530.jpg,car
frame_4530.jpg,car
frame_4530.jpg,traffic light
frame_4530.jpg,person
frame_4530.jpg,person
frame_4530.jpg,person
frame_4530.jpg,car
frame_4530.jpg,car
frame_4530.jpg,car
frame_4530.jpg,car
frame_4530.jpg,person
frame_4530.jpg,person
frame_4530.jpg,car
frame_4560.jpg,car
frame_4560.jpg,car
frame_4560.jpg,car
frame_4560.jpg,person
frame_4560.jpg,car
frame_4560.jpg,person
frame_4560.jpg,person
frame_4560.jpg,car
frame_4560.jpg,car
frame_4560.jpg,car
frame_4560.jpg,person
frame_4560.jpg,car
frame_4560.jpg,car
frame_4560.jpg,person
frame_4560.jpg,person
frame_4560.jpg,person
frame_4560.jpg,car
frame_4560.jpg,person
frame_4560.jpg,person
frame_4560.jpg,car
frame_4560.jpg,car
frame_4560.jpg,person
frame_4590.jpg,traffic light
frame_4590.jpg,car
frame_4590.jpg,person
frame_4590.jpg,car
frame_4590.jpg,person
frame_4590.jpg,person
frame_4590.jpg,person
frame_4590.jpg,car
frame_4590.jpg,car
frame_4590.jpg,car
frame_4590.jpg,person
frame_4590.jpg,car
frame_4590.jpg,car
frame_4590.jpg,car
frame_4590.jpg,person
frame_4590.jpg,person
frame_4590.jpg,person
frame_4590.jpg,person
frame_4590.jpg,car
frame_4590.jpg,person
frame_4590.jpg,person
frame_4620.jpg,car
frame_4620.jpg,person
frame_4620.jpg,car
frame_4620.jpg,person
frame_4620.jpg,person
frame_4620.jpg,person
frame_4620.jpg,car
frame_4620.jpg,person
frame_4620.jpg,car
frame_4620.jpg,car
frame_4620.jpg,person
frame_4620.jpg,car
frame_4620.jpg,car
frame_4620.jpg,car
frame_4650.jpg,person
frame_4650.jpg,person
frame_4650.jpg,person
frame_4650.jpg,car
frame_4650.jpg,person
frame_4650.jpg,car
frame_4650.jpg,person
frame_4650.jpg,person
frame_4650.jpg,car
frame_4650.jpg,car
frame_4650.jpg,person
frame_4650.jpg,car
frame_4650.jpg,car
frame_4650.jpg,traffic light
frame_4650.jpg,car
frame_4650.jpg,car
frame_4680.jpg,car
frame_4680.jpg,car
frame_4680.jpg,car
frame_4680.jpg,car
frame_4680.jpg,person
frame_4680.jpg,person
frame_4680.jpg,person
frame_4680.jpg,car
frame_4680.jpg,car
frame_4680.jpg,person
frame_4680.jpg,person
frame_4680.jpg,car
frame_4680.jpg,person
frame_4680.jpg,person
frame_4680.jpg,car
frame_4680.jpg,car
frame_4680.jpg,car
frame_4710.jpg,person
frame_4710.jpg,person
frame_4710.jpg,person
frame_4710.jpg,car
frame_4710.jpg,person
frame_4710.jpg,person
frame_4710.jpg,person
frame_4710.jpg,person
frame_4710.jpg,person
frame_4710.jpg,person
frame_4710.jpg,car
frame_4710.jpg,car
frame_4710.jpg,person
frame_4710.jpg,person
frame_4710.jpg,car
frame_4710.jpg,car
frame_4710.jpg,person
frame_4710.jpg,person
frame_4710.jpg,car
frame_4710.jpg,car
frame_4710.jpg,car
frame_4710.jpg,person
frame_4710.jpg,person
frame_4710.jpg,person
frame_4740.jpg,traffic light
frame_4740.jpg,car
frame_4740.jpg,person
frame_4740.jpg,person
frame_4740.jpg,person
frame_4740.jpg,car
frame_4740.jpg,car
frame_4740.jpg,person
frame_4740.jpg,person
frame_4740.jpg,person
frame_4740.jpg,car
frame_4740.jpg,person
frame_4740.jpg,person
frame_4740.jpg,person
frame_4740.jpg,car
frame_4740.jpg,car
frame_4740.jpg,car
frame_4740.jpg,car
frame_4740.jpg,car
frame_4740.jpg,car
frame_4740.jpg,person
frame_4770.jpg,person
frame_4770.jpg,person
frame_4770.jpg,car
frame_4770.jpg,car
frame_4770.jpg,person
frame_4770.jpg,car
frame_4770.jpg,person
frame_4770.jpg,person
frame_4770.jpg,person
frame_4770.jpg,person
frame_4770.jpg,car
frame_4770.jpg,car
frame_4770.jpg,person
frame_4770.jpg,car
frame_4770.jpg,car
frame_4770.jpg,car
frame_4770.jpg,car
frame_4770.jpg,person
frame_4770.jpg,car
frame_4770.jpg,car
frame_4770.jpg,car
frame_4770.jpg,traffic light
frame_4770.jpg,car
frame_480.jpg,car
frame_480.jpg,car
frame_480.jpg,car
frame_480.jpg,person
frame_480.jpg,car
frame_480.jpg,person
frame_480.jpg,train
frame_480.jpg,car
frame_480.jpg,traffic light
frame_480.jpg,person
frame_480.jpg,car
frame_4800.jpg,car
frame_4800.jpg,person
frame_4800.jpg,person
frame_4800.jpg,car
frame_4800.jpg,car
frame_4800.jpg,car
frame_4800.jpg,person
frame_4800.jpg,person
frame_4800.jpg,person
frame_4800.jpg,person
frame_4800.jpg,car
frame_4800.jpg,car
frame_4800.jpg,person
frame_4800.jpg,car
frame_4800.jpg,car
frame_4800.jpg,person
frame_4800.jpg,car
frame_4800.jpg,person
frame_4800.jpg,car
frame_4800.jpg,car
frame_4830.jpg,person
frame_4830.jpg,person
frame_4830.jpg,car
frame_4830.jpg,car
frame_4830.jpg,person
frame_4830.jpg,person
frame_4830.jpg,person
frame_4830.jpg,person
frame_4830.jpg,person
frame_4830.jpg,person
frame_4830.jpg,person
frame_4830.jpg,person
frame_4830.jpg,car
frame_4830.jpg,car
frame_4830.jpg,car
frame_4830.jpg,car
frame_4830.jpg,car
frame_4830.jpg,car
frame_4830.jpg,car
frame_4830.jpg,person
frame_4860.jpg,person
frame_4860.jpg,person
frame_4860.jpg,car
frame_4860.jpg,person
frame_4860.jpg,person
frame_4860.jpg,person
frame_4860.jpg,person
frame_4860.jpg,person
frame_4860.jpg,person
frame_4860.jpg,person
frame_4860.jpg,person
frame_4860.jpg,car
frame_4860.jpg,car
frame_4860.jpg,car
frame_4860.jpg,person
frame_4860.jpg,car
frame_4860.jpg,car
frame_4860.jpg,car
frame_4860.jpg,car
frame_4860.jpg,car
frame_4860.jpg,car
frame_4860.jpg,car
frame_4860.jpg,car
frame_4890.jpg,car
frame_4890.jpg,car
frame_4890.jpg,person
frame_4890.jpg,person
frame_4890.jpg,person
frame_4890.jpg,person
frame_4890.jpg,traffic light
frame_4890.jpg,car
frame_4890.jpg,car
frame_4890.jpg,person
frame_4890.jpg,person
frame_4890.jpg,person
frame_4890.jpg,car
frame_4890.jpg,car
frame_4890.jpg,car
frame_4890.jpg,person
frame_4890.jpg,traffic light
frame_4890.jpg,person
frame_4890.jpg,car
frame_4890.jpg,car
frame_4890.jpg,person
frame_4890.jpg,car
frame_4890.jpg,car
frame_4920.jpg,person
frame_4920.jpg,person
frame_4920.jpg,person
frame_4920.jpg,person
frame_4920.jpg,car
frame_4920.jpg,person
frame_4920.jpg,person
frame_4920.jpg,person
frame_4920.jpg,person
frame_4920.jpg,person
frame_4920.jpg,car
frame_4920.jpg,person
frame_4920.jpg,person
frame_4920.jpg,car
frame_4920.jpg,car
frame_4920.jpg,car
frame_4920.jpg,car
frame_4920.jpg,car
frame_4920.jpg,car
frame_4920.jpg,car
frame_4950.jpg,car
frame_4950.jpg,car
frame_4950.jpg,person
frame_4950.jpg,person
frame_4950.jpg,person
frame_4950.jpg,car
frame_4950.jpg,person
frame_4950.jpg,person
frame_4950.jpg,person
frame_4950.jpg,car
frame_4950.jpg,person
frame_4950.jpg,person
frame_4950.jpg,person
frame_4950.jpg,car
frame_4950.jpg,person
frame_4950.jpg,car
frame_4950.jpg,traffic light
frame_4950.jpg,car
frame_4950.jpg,person
frame_4980.jpg,car
frame_4980.jpg,person
frame_4980.jpg,person
frame_4980.jpg,car
frame_4980.jpg,person
frame_4980.jpg,person
frame_4980.jpg,car
frame_4980.jpg,car
frame_4980.jpg,person
frame_4980.jpg,car
frame_4980.jpg,person
frame_4980.jpg,car
frame_4980.jpg,person
frame_4980.jpg,person
frame_4980.jpg,car
frame_4980.jpg,person
frame_4980.jpg,car
frame_4980.jpg,car
frame_4980.jpg,person
frame_4980.jpg,person
frame_5010.jpg,person
frame_5010.jpg,car
frame_5010.jpg,person
frame_5010.jpg,person
frame_5010.jpg,person
frame_5010.jpg,traffic light
frame_5010.jpg,person
frame_5010.jpg,car
frame_5010.jpg,person
frame_5010.jpg,car
frame_5010.jpg,car
frame_5010.jpg,person
frame_5010.jpg,person
frame_5010.jpg,car
frame_5010.jpg,car
frame_5010.jpg,car
frame_5010.jpg,car
frame_5040.jpg,car
frame_5040.jpg,car
frame_5040.jpg,car
frame_5040.jpg,person
frame_5040.jpg,person
frame_5040.jpg,person
frame_5040.jpg,car
frame_5040.jpg,car
frame_5040.jpg,car
frame_5040.jpg,car
frame_5040.jpg,person
frame_5040.jpg,person
frame_5040.jpg,person
frame_5040.jpg,person
frame_5040.jpg,traffic light
frame_5040.jpg,person
frame_5040.jpg,car
frame_5040.jpg,person
frame_5040.jpg,car
frame_5040.jpg,car
frame_5070.jpg,traffic light
frame_5070.jpg,car
frame_5070.jpg,car
frame_5070.jpg,person
frame_5070.jpg,person
frame_5070.jpg,car
frame_5070.jpg,car
frame_5070.jpg,person
frame_5070.jpg,person
frame_5070.jpg,person
frame_5070.jpg,person
frame_5070.jpg,person
frame_5070.jpg,person
frame_5070.jpg,traffic light
frame_5070.jpg,car
frame_5070.jpg,car
frame_5070.jpg,car
frame_5070.jpg,car
frame_5070.jpg,person
frame_5070.jpg,person
frame_510.jpg,person
frame_510.jpg,car
frame_510.jpg,car
frame_510.jpg,car
frame_510.jpg,car
frame_510.jpg,person
frame_510.jpg,car
frame_510.jpg,truck
frame_510.jpg,person
frame_5100.jpg,car
frame_5100.jpg,person
frame_5100.jpg,car
frame_5100.jpg,car
frame_5100.jpg,person
frame_5100.jpg,car
frame_5100.jpg,person
frame_5100.jpg,person
frame_5100.jpg,car
frame_5100.jpg,person
frame_5100.jpg,car
frame_5100.jpg,person
frame_5100.jpg,person
frame_5100.jpg,car
frame_5100.jpg,car
frame_5100.jpg,car
frame_5100.jpg,person
frame_5100.jpg,person
frame_5100.jpg,car
frame_5100.jpg,person
frame_5130.jpg,car
frame_5130.jpg,car
frame_5130.jpg,car
frame_5130.jpg,car
frame_5130.jpg,person
frame_5130.jpg,person
frame_5130.jpg,person
frame_5130.jpg,traffic light
frame_5130.jpg,person
frame_5130.jpg,person
frame_5130.jpg,car
frame_5130.jpg,person
frame_5130.jpg,car
frame_5130.jpg,person
frame_5130.jpg,person
frame_5130.jpg,person
frame_5130.jpg,car
frame_5130.jpg,car
frame_5130.jpg,car
frame_5130.jpg,car
frame_5130.jpg,traffic light
frame_5130.jpg,person
frame_5130.jpg,car
frame_5160.jpg,person
frame_5160.jpg,person
frame_5160.jpg,traffic light
frame_5160.jpg,person
frame_5160.jpg,person
frame_5160.jpg,car
frame_5160.jpg,traffic light
frame_5160.jpg,person
frame_5160.jpg,person
frame_5160.jpg,person
frame_5160.jpg,car
frame_5160.jpg,person
frame_5160.jpg,car
frame_5160.jpg,car
frame_5160.jpg,car
frame_5160.jpg,car
frame_5160.jpg,car
frame_5160.jpg,car
frame_5190.jpg,car
frame_5190.jpg,traffic light
frame_5190.jpg,person
frame_5190.jpg,person
frame_5190.jpg,person
frame_5190.jpg,car
frame_5190.jpg,person
frame_5190.jpg,person
frame_5190.jpg,person
frame_5190.jpg,traffic light
frame_5190.jpg,person
frame_5190.jpg,car
frame_5190.jpg,car
frame_5190.jpg,car
frame_5190.jpg,car
frame_5190.jpg,person
frame_5190.jpg,car
frame_5190.jpg,person
frame_5190.jpg,person
frame_5220.jpg,car
frame_5220.jpg,traffic light
frame_5220.jpg,person
frame_5220.jpg,car
frame_5220.jpg,person
frame_5220.jpg,person
frame_5220.jpg,car
frame_5220.jpg,person
frame_5220.jpg,person
frame_5220.jpg,person
frame_5220.jpg,person
frame_5220.jpg,person
frame_5220.jpg,car
frame_5220.jpg,car
frame_5220.jpg,traffic light
frame_5220.jpg,car
frame_5220.jpg,person
frame_5220.jpg,car
frame_5220.jpg,person
frame_5250.jpg,car
frame_5250.jpg,traffic light
frame_5250.jpg,car
frame_5250.jpg,car
frame_5250.jpg,person
frame_5250.jpg,parking meter
frame_5250.jpg,person
frame_5250.jpg,car
frame_5250.jpg,person
frame_5250.jpg,car
frame_5250.jpg,person
frame_5250.jpg,person
frame_5250.jpg,person
frame_5250.jpg,car
frame_5250.jpg,car
frame_5250.jpg,motorcycle
frame_5250.jpg,person
frame_5280.jpg,car
frame_5280.jpg,car
frame_5280.jpg,person
frame_5280.jpg,car
frame_5280.jpg,car
frame_5280.jpg,person
frame_5280.jpg,car
frame_5280.jpg,person
frame_5280.jpg,car
frame_5280.jpg,car
frame_5280.jpg,person
frame_5280.jpg,person
frame_5280.jpg,car
frame_5280.jpg,person
frame_5280.jpg,car
frame_5280.jpg,car
frame_5280.jpg,car
frame_5280.jpg,person
frame_5280.jpg,traffic light
frame_5280.jpg,car
frame_5310.jpg,person
frame_5310.jpg,car
frame_5310.jpg,car
frame_5310.jpg,car
frame_5310.jpg,car
frame_5310.jpg,person
frame_5310.jpg,person
frame_5310.jpg,person
frame_5310.jpg,car
frame_5310.jpg,person
frame_5310.jpg,car
frame_5310.jpg,person
frame_5310.jpg,car
frame_5310.jpg,car
frame_5310.jpg,person
frame_5310.jpg,car
frame_5310.jpg,traffic light
frame_5340.jpg,person
frame_5340.jpg,car
frame_5340.jpg,person
frame_5340.jpg,car
frame_5340.jpg,traffic light
frame_5340.jpg,car
frame_5340.jpg,car
frame_5340.jpg,person
frame_5340.jpg,person
frame_5340.jpg,person
frame_5340.jpg,person
frame_5340.jpg,car
frame_5340.jpg,car
frame_5340.jpg,car
frame_5340.jpg,person
frame_5340.jpg,car
frame_5340.jpg,truck
frame_5340.jpg,car
frame_5340.jpg,traffic light
frame_5340.jpg,person
frame_5370.jpg,car
frame_5370.jpg,traffic light
frame_5370.jpg,car
frame_5370.jpg,person
frame_5370.jpg,traffic light
frame_5370.jpg,car
frame_5370.jpg,person
frame_5370.jpg,car
frame_5370.jpg,person
frame_5370.jpg,traffic light
frame_5370.jpg,person
frame_5370.jpg,person
frame_5370.jpg,car
frame_5370.jpg,car
frame_5370.jpg,person
frame_5370.jpg,traffic light
frame_540.jpg,traffic light
frame_540.jpg,person
frame_540.jpg,car
frame_540.jpg,car
frame_540.jpg,person
frame_540.jpg,person
frame_540.jpg,truck
frame_540.jpg,car
frame_540.jpg,person
frame_540.jpg,motorcycle
frame_540.jpg,traffic light
frame_5400.jpg,person
frame_5400.jpg,car
frame_5400.jpg,person
frame_5400.jpg,person
frame_5400.jpg,car
frame_5400.jpg,person
frame_5400.jpg,traffic light
frame_5400.jpg,car
frame_5400.jpg,person
frame_5400.jpg,person
frame_5400.jpg,person
frame_5400.jpg,person
frame_5400.jpg,person
frame_5400.jpg,car
frame_5400.jpg,car
frame_5400.jpg,car
frame_5400.jpg,traffic light
frame_5400.jpg,person
frame_5400.jpg,person
frame_5400.jpg,person
frame_5400.jpg,car
frame_5430.jpg,car
frame_5430.jpg,car
frame_5430.jpg,person
frame_5430.jpg,traffic light
frame_5430.jpg,car
frame_5430.jpg,person
frame_5430.jpg,person
frame_5430.jpg,person
frame_5430.jpg,person
frame_5430.jpg,car
frame_5430.jpg,person
frame_5430.jpg,car
frame_5430.jpg,car
frame_5430.jpg,person
frame_5430.jpg,car
frame_5430.jpg,person
frame_5430.jpg,person
frame_5430.jpg,traffic light
frame_5460.jpg,car
frame_5460.jpg,traffic light
frame_5460.jpg,person
frame_5460.jpg,person
frame_5460.jpg,car
frame_5460.jpg,person
frame_5460.jpg,person
frame_5460.jpg,car
frame_5460.jpg,person
frame_5460.jpg,person
frame_5460.jpg,person
frame_5460.jpg,car
frame_5460.jpg,person
frame_5460.jpg,traffic light
frame_5460.jpg,car
frame_5460.jpg,person
frame_5460.jpg,person
frame_5460.jpg,person
frame_5460.jpg,car
frame_5460.jpg,person
frame_5460.jpg,person
frame_5460.jpg,person
frame_5490.jpg,car
frame_5490.jpg,car
frame_5490.jpg,car
frame_5490.jpg,person
frame_5490.jpg,person
frame_5490.jpg,traffic light
frame_5490.jpg,car
frame_5490.jpg,person
frame_5490.jpg,person
frame_5490.jpg,person
frame_5490.jpg,person
frame_5490.jpg,person
frame_5490.jpg,car
frame_5490.jpg,person
frame_5490.jpg,traffic light
frame_5490.jpg,person
frame_5490.jpg,car
frame_5490.jpg,car
frame_5520.jpg,traffic light
frame_5520.jpg,car
frame_5520.jpg,car
frame_5520.jpg,person
frame_5520.jpg,person
frame_5520.jpg,person
frame_5520.jpg,person
frame_5520.jpg,person
frame_5520.jpg,car
frame_5520.jpg,person
frame_5520.jpg,person
frame_5520.jpg,car
frame_5520.jpg,person
frame_5520.jpg,traffic light
frame_5520.jpg,person
frame_5520.jpg,car
frame_5520.jpg,person
frame_5520.jpg,person
frame_5550.jpg,car
frame_5550.jpg,traffic light
frame_5550.jpg,person
frame_5550.jpg,car
frame_5550.jpg,car
frame_5550.jpg,person
frame_5550.jpg,person
frame_5550.jpg,traffic light
frame_5550.jpg,person
frame_5550.jpg,person
frame_5550.jpg,person
frame_5550.jpg,person
frame_5550.jpg,person
frame_5550.jpg,car
frame_5550.jpg,car
frame_5550.jpg,person
frame_5550.jpg,person
frame_5550.jpg,person
frame_5580.jpg,car
frame_5580.jpg,car
frame_5580.jpg,car
frame_5580.jpg,traffic light
frame_5580.jpg,person
frame_5580.jpg,person
frame_5580.jpg,person
frame_5580.jpg,person
frame_5580.jpg,person
frame_5580.jpg,person
frame_5580.jpg,car
frame_5580.jpg,traffic light
frame_5580.jpg,car
frame_5580.jpg,car
frame_5580.jpg,person
frame_5580.jpg,person
frame_5580.jpg,car
frame_5580.jpg,person
frame_5610.jpg,person
frame_5610.jpg,car
frame_5610.jpg,car
frame_5610.jpg,person
frame_5610.jpg,person
frame_5610.jpg,traffic light
frame_5610.jpg,person
frame_5610.jpg,car
frame_5610.jpg,person
frame_5610.jpg,person
frame_5610.jpg,car
frame_5610.jpg,traffic light
frame_5610.jpg,car
frame_5610.jpg,car
frame_5610.jpg,person
frame_5610.jpg,car
frame_5610.jpg,person
frame_5610.jpg,person
frame_5610.jpg,person
frame_5610.jpg,person
frame_5610.jpg,car
frame_5610.jpg,car
frame_5610.jpg,person
frame_5610.jpg,person
frame_5640.jpg,car
frame_5640.jpg,person
frame_5640.jpg,person
frame_5640.jpg,car
frame_5640.jpg,traffic light
frame_5640.jpg,person
frame_5640.jpg,person
frame_5640.jpg,car
frame_5640.jpg,car
frame_5640.jpg,car
frame_5640.jpg,car
frame_5640.jpg,person
frame_5640.jpg,person
frame_5640.jpg,person
frame_5640.jpg,person
frame_5640.jpg,car
frame_5670.jpg,car
frame_5670.jpg,car
frame_5670.jpg,person
frame_5670.jpg,traffic light
frame_5670.jpg,car
frame_5670.jpg,person
frame_5670.jpg,person
frame_5670.jpg,car
frame_5670.jpg,person
frame_5670.jpg,car
frame_5670.jpg,person
frame_5670.jpg,person
frame_5670.jpg,person
frame_5670.jpg,person
frame_5670.jpg,person
frame_5670.jpg,person
frame_570.jpg,car
frame_570.jpg,car
frame_570.jpg,car
frame_570.jpg,person
frame_570.jpg,car
frame_570.jpg,person
frame_570.jpg,car
frame_570.jpg,car
frame_570.jpg,truck
frame_570.jpg,person
frame_570.jpg,traffic light
frame_5700.jpg,car
frame_5700.jpg,person
frame_5700.jpg,person
frame_5700.jpg,person
frame_5700.jpg,person
frame_5700.jpg,car
frame_5700.jpg,car
frame_5700.jpg,person
frame_5700.jpg,car
frame_5700.jpg,person
frame_5700.jpg,person
frame_5700.jpg,person
frame_5700.jpg,person
frame_5700.jpg,traffic light
frame_5700.jpg,person
frame_5700.jpg,person
frame_5730.jpg,traffic light
frame_5730.jpg,person
frame_5730.jpg,person
frame_5730.jpg,person
frame_5730.jpg,person
frame_5730.jpg,person
frame_5730.jpg,person
frame_5730.jpg,car
frame_5730.jpg,car
frame_5730.jpg,traffic light
frame_5730.jpg,car
frame_5730.jpg,traffic light
frame_5730.jpg,person
frame_5730.jpg,person
frame_5730.jpg,person
frame_5730.jpg,person
frame_5730.jpg,person
frame_5730.jpg,car
frame_5730.jpg,person
frame_5760.jpg,car
frame_5760.jpg,person
frame_5760.jpg,person
frame_5760.jpg,person
frame_5760.jpg,person
frame_5760.jpg,person
frame_5760.jpg,car
frame_5760.jpg,person
frame_5760.jpg,car
frame_5760.jpg,traffic light
frame_5760.jpg,person
frame_5760.jpg,person
frame_5760.jpg,person
frame_5760.jpg,person
frame_5760.jpg,car
frame_5760.jpg,person
frame_5760.jpg,person
frame_5760.jpg,car
frame_5760.jpg,person
frame_5790.jpg,traffic light
frame_5790.jpg,person
frame_5790.jpg,person
frame_5790.jpg,person
frame_5790.jpg,person
frame_5790.jpg,person
frame_5790.jpg,traffic light
frame_5790.jpg,person
frame_5790.jpg,car
frame_5790.jpg,person
frame_5790.jpg,car
frame_5790.jpg,car
frame_5790.jpg,person
frame_5790.jpg,car
frame_5790.jpg,person
frame_5790.jpg,person
frame_5790.jpg,person
frame_5790.jpg,person
frame_5790.jpg,person
frame_5820.jpg,car
frame_5820.jpg,person
frame_5820.jpg,traffic light
frame_5820.jpg,person
frame_5820.jpg,person
frame_5820.jpg,person
frame_5820.jpg,person
frame_5820.jpg,car
frame_5820.jpg,person
frame_5820.jpg,car
frame_5820.jpg,person
frame_5820.jpg,car
frame_5820.jpg,person
frame_5820.jpg,person
frame_5820.jpg,person
frame_5820.jpg,person
frame_5820.jpg,person
frame_5820.jpg,person
frame_5850.jpg,car
frame_5850.jpg,car
frame_5850.jpg,person
frame_5850.jpg,person
frame_5850.jpg,traffic light
frame_5850.jpg,person
frame_5850.jpg,car
frame_5850.jpg,person
frame_5850.jpg,person
frame_5850.jpg,car
frame_5850.jpg,person
frame_5850.jpg,person
frame_5850.jpg,person
frame_5850.jpg,person
frame_5850.jpg,person
frame_5850.jpg,person
frame_5850.jpg,car
frame_5850.jpg,car
frame_5880.jpg,traffic light
frame_5880.jpg,car
frame_5880.jpg,person
frame_5880.jpg,person
frame_5880.jpg,person
frame_5880.jpg,car
frame_5880.jpg,person
frame_5880.jpg,person
frame_5880.jpg,car
frame_5880.jpg,person
frame_5880.jpg,car
frame_5880.jpg,person
frame_5880.jpg,person
frame_5880.jpg,car
frame_5880.jpg,person
frame_5880.jpg,person
frame_5910.jpg,person
frame_5910.jpg,person
frame_5910.jpg,car
frame_5910.jpg,car
frame_5910.jpg,person
frame_5910.jpg,person
frame_5910.jpg,person
frame_5910.jpg,person
frame_5910.jpg,car
frame_5910.jpg,person
frame_5910.jpg,car
frame_5910.jpg,traffic light
frame_5910.jpg,car
frame_5910.jpg,person
frame_5910.jpg,person
frame_5910.jpg,car
frame_5910.jpg,person
frame_5910.jpg,car
frame_5940.jpg,person
frame_5940.jpg,traffic light
frame_5940.jpg,car
frame_5940.jpg,person
frame_5940.jpg,car
frame_5940.jpg,person
frame_5940.jpg,car
frame_5940.jpg,traffic light
frame_5940.jpg,car
frame_5940.jpg,person
frame_5940.jpg,car
frame_5940.jpg,person
frame_5940.jpg,person
frame_5940.jpg,car
frame_5940.jpg,person
frame_5970.jpg,person
frame_5970.jpg,person
frame_5970.jpg,traffic light
frame_5970.jpg,car
frame_5970.jpg,car
frame_5970.jpg,traffic light
frame_5970.jpg,person
frame_5970.jpg,person
frame_5970.jpg,car
frame_5970.jpg,car
frame_5970.jpg,car
frame_5970.jpg,car
frame_60.jpg,traffic light
frame_60.jpg,person
frame_60.jpg,car
frame_60.jpg,traffic light
frame_60.jpg,car
frame_60.jpg,person
frame_60.jpg,car
frame_60.jpg,car
frame_60.jpg,person
frame_60.jpg,truck
frame_60.jpg,motorcycle
frame_600.jpg,traffic light
frame_600.jpg,motorcycle
frame_600.jpg,person
frame_600.jpg,car
frame_600.jpg,car
frame_600.jpg,person
frame_600.jpg,car
frame_600.jpg,truck
frame_600.jpg,traffic light
frame_600.jpg,car
frame_600.jpg,person
frame_600.jpg,person
frame_600.jpg,motorcycle
frame_6000.jpg,person
frame_6000.jpg,person
frame_6000.jpg,car
frame_6000.jpg,traffic light
frame_6000.jpg,car
frame_6000.jpg,car
frame_6000.jpg,car
frame_6000.jpg,person
frame_6000.jpg,car
frame_6000.jpg,car
frame_6030.jpg,person
frame_6030.jpg,car
frame_6030.jpg,car
frame_6030.jpg,car
frame_6030.jpg,traffic light
frame_6030.jpg,car
frame_6030.jpg,person
frame_6030.jpg,car
frame_6030.jpg,traffic light
frame_6030.jpg,car
frame_6030.jpg,car
frame_6030.jpg,car
frame_6030.jpg,person
frame_6030.jpg,car
frame_6030.jpg,person
frame_6030.jpg,person
frame_6060.jpg,traffic light
frame_6060.jpg,person
frame_6060.jpg,car
frame_6060.jpg,car
frame_6060.jpg,car
frame_6060.jpg,car
frame_6060.jpg,person
frame_6060.jpg,car
frame_6060.jpg,car
frame_6060.jpg,person
frame_6060.jpg,car
frame_6060.jpg,car
frame_6060.jpg,car
frame_6060.jpg,traffic light
frame_6090.jpg,person
frame_6090.jpg,traffic light
frame_6090.jpg,person
frame_6090.jpg,car
frame_6090.jpg,person
frame_6090.jpg,car
frame_6090.jpg,car
frame_6090.jpg,car
frame_6090.jpg,person
frame_6090.jpg,car
frame_6090.jpg,car
frame_6090.jpg,car
frame_6090.jpg,person
frame_6090.jpg,traffic light
frame_6090.jpg,car
frame_6090.jpg,person
frame_6090.jpg,car
frame_6120.jpg,traffic light
frame_6120.jpg,person
frame_6120.jpg,car
frame_6120.jpg,car
frame_6120.jpg,person
frame_6120.jpg,person
frame_6120.jpg,car
frame_6120.jpg,car
frame_6120.jpg,car
frame_6120.jpg,car
frame_6120.jpg,person
frame_6120.jpg,traffic light
frame_6120.jpg,person
frame_6150.jpg,traffic light
frame_6150.jpg,car
frame_6150.jpg,car
frame_6150.jpg,car
frame_6150.jpg,person
frame_6150.jpg,traffic light
frame_6150.jpg,car
frame_6150.jpg,car
frame_6150.jpg,person
frame_6180.jpg,person
frame_6180.jpg,person
frame_6180.jpg,car
frame_6180.jpg,person
frame_6180.jpg,car
frame_6180.jpg,car
frame_6180.jpg,car
frame_6180.jpg,car
frame_6180.jpg,traffic light
frame_6180.jpg,car
frame_6180.jpg,traffic light
frame_6180.jpg,car
frame_6180.jpg,person
frame_6210.jpg,car
frame_6210.jpg,person
frame_6210.jpg,car
frame_6210.jpg,person
frame_6210.jpg,traffic light
frame_6210.jpg,car
frame_6210.jpg,car
frame_6210.jpg,car
frame_6210.jpg,person
frame_6210.jpg,car
frame_6210.jpg,car
frame_6210.jpg,traffic light
frame_6210.jpg,motorcycle
frame_6210.jpg,person
frame_6240.jpg,person
frame_6240.jpg,car
frame_6240.jpg,car
frame_6240.jpg,car
frame_6240.jpg,fire hydrant
frame_6240.jpg,car
frame_6240.jpg,traffic light
frame_6240.jpg,traffic light
frame_6240.jpg,person
frame_6240.jpg,car
frame_6240.jpg,car
frame_6240.jpg,car
frame_6270.jpg,car
frame_6270.jpg,person
frame_6270.jpg,person
frame_6270.jpg,car
frame_6270.jpg,car
frame_6270.jpg,car
frame_6270.jpg,traffic light
frame_6270.jpg,car
frame_6270.jpg,person
frame_6270.jpg,car
frame_6270.jpg,traffic light
frame_6270.jpg,motorcycle
frame_6270.jpg,car
frame_630.jpg,car
frame_630.jpg,person
frame_630.jpg,traffic light
frame_630.jpg,car
frame_630.jpg,person
frame_630.jpg,car
frame_630.jpg,person
frame_630.jpg,motorcycle
frame_630.jpg,person
frame_630.jpg,car
frame_6300.jpg,car
frame_6300.jpg,person
frame_6300.jpg,car
frame_6300.jpg,car
frame_6300.jpg,traffic light
frame_6300.jpg,traffic light
frame_6300.jpg,car
frame_6300.jpg,person
frame_6300.jpg,car
frame_6300.jpg,car
frame_6300.jpg,car
frame_6300.jpg,car
frame_6300.jpg,person
frame_6300.jpg,motorcycle
frame_6300.jpg,car
frame_6330.jpg,person
frame_6330.jpg,car
frame_6330.jpg,person
frame_6330.jpg,car
frame_6330.jpg,car
frame_6330.jpg,car
frame_6330.jpg,car
frame_6330.jpg,traffic light
frame_6330.jpg,person
frame_6330.jpg,car
frame_6330.jpg,car
frame_6330.jpg,traffic light
frame_6330.jpg,person
frame_6330.jpg,car
frame_6360.jpg,person
frame_6360.jpg,traffic light
frame_6360.jpg,car
frame_6360.jpg,person
frame_6360.jpg,car
frame_6360.jpg,person
frame_6360.jpg,traffic light
frame_6360.jpg,traffic light
frame_6360.jpg,car
frame_6360.jpg,person
frame_6360.jpg,motorcycle
frame_6360.jpg,car
frame_6360.jpg,car
frame_6360.jpg,person
frame_6360.jpg,car
frame_6360.jpg,person
frame_6390.jpg,traffic light
frame_6390.jpg,person
frame_6390.jpg,person
frame_6390.jpg,person
frame_6390.jpg,car
frame_6390.jpg,person
frame_6390.jpg,person
frame_6390.jpg,car
frame_6390.jpg,person
frame_6390.jpg,traffic light
frame_6390.jpg,person
frame_6390.jpg,person
frame_6390.jpg,person
frame_6390.jpg,traffic light
frame_6390.jpg,car
frame_6390.jpg,car
frame_6390.jpg,person
frame_6390.jpg,person
frame_6390.jpg,car
frame_6390.jpg,person
frame_6420.jpg,person
frame_6420.jpg,traffic light
frame_6420.jpg,car
frame_6420.jpg,person
frame_6420.jpg,traffic light
frame_6420.jpg,traffic light
frame_6420.jpg,person
frame_6420.jpg,car
frame_6420.jpg,car
frame_6420.jpg,car
frame_6420.jpg,car
frame_6420.jpg,car
frame_6420.jpg,traffic light
frame_6420.jpg,person
frame_6420.jpg,person
frame_6420.jpg,person
frame_6420.jpg,person
frame_6420.jpg,traffic light
frame_6450.jpg,person
frame_6450.jpg,car
frame_6450.jpg,person
frame_6450.jpg,car
frame_6450.jpg,car
frame_6450.jpg,car
frame_6450.jpg,car
frame_6450.jpg,person
frame_6450.jpg,car
frame_6450.jpg,car
frame_6450.jpg,car
frame_6450.jpg,car
frame_6450.jpg,car
frame_6450.jpg,traffic light
frame_6450.jpg,person
frame_6450.jpg,person
frame_6480.jpg,person
frame_6480.jpg,car
frame_6480.jpg,car
frame_6480.jpg,person
frame_6480.jpg,traffic light
frame_6480.jpg,person
frame_6480.jpg,motorcycle
frame_6480.jpg,car
frame_6480.jpg,car
frame_6480.jpg,traffic light
frame_6480.jpg,car
frame_6480.jpg,car
frame_6480.jpg,car
frame_6480.jpg,car
frame_6480.jpg,person
frame_6480.jpg,traffic light
frame_6480.jpg,person
frame_6480.jpg,traffic light
frame_6510.jpg,traffic light
frame_6510.jpg,car
frame_6510.jpg,person
frame_6510.jpg,person
frame_6510.jpg,person
frame_6510.jpg,traffic light
frame_6510.jpg,car
frame_6510.jpg,car
frame_6510.jpg,car
frame_6510.jpg,car
frame_6510.jpg,person
frame_6510.jpg,car
frame_6510.jpg,motorcycle
frame_6510.jpg,car
frame_6510.jpg,person
frame_6510.jpg,car
frame_6540.jpg,person
frame_6540.jpg,car
frame_6540.jpg,traffic light
frame_6540.jpg,car
frame_6540.jpg,person
frame_6540.jpg,car
frame_6540.jpg,traffic light
frame_6540.jpg,traffic light
frame_6540.jpg,car
frame_6540.jpg,car
frame_6540.jpg,car
frame_6540.jpg,car
frame_6540.jpg,car
frame_6540.jpg,car
frame_6540.jpg,car
frame_6540.jpg,car
frame_6540.jpg,car
frame_6540.jpg,car
frame_6570.jpg,person
frame_6570.jpg,car
frame_6570.jpg,traffic light
frame_6570.jpg,car
frame_6570.jpg,person
frame_6570.jpg,car
frame_6570.jpg,traffic light
frame_6570.jpg,traffic light
frame_6570.jpg,car
frame_6570.jpg,person
frame_6570.jpg,car
frame_6570.jpg,car
frame_6570.jpg,car
frame_6570.jpg,car
frame_6570.jpg,car
frame_6570.jpg,person
frame_6570.jpg,car
frame_660.jpg,car
frame_660.jpg,traffic light
frame_660.jpg,car
frame_660.jpg,person
frame_660.jpg,person
frame_660.jpg,person
frame_660.jpg,person
frame_660.jpg,traffic light
frame_660.jpg,car
frame_660.jpg,motorcycle
frame_660.jpg,person
frame_660.jpg,person
frame_660.jpg,person
frame_660.jpg,car
frame_6600.jpg,car
frame_6600.jpg,person
frame_6600.jpg,traffic light
frame_6600.jpg,traffic light
frame_6600.jpg,car
frame_6600.jpg,car
frame_6600.jpg,person
frame_6600.jpg,traffic light
frame_6600.jpg,car
frame_6600.jpg,car
frame_6600.jpg,car
frame_6600.jpg,traffic light
frame_6600.jpg,car
frame_6600.jpg,person
frame_6600.jpg,person
frame_6630.jpg,traffic light
frame_6630.jpg,car
frame_6630.jpg,car
frame_6630.jpg,traffic light
frame_6630.jpg,car
frame_6630.jpg,person
frame_6630.jpg,traffic light
frame_6630.jpg,car
frame_6630.jpg,car
frame_6630.jpg,car
frame_6630.jpg,car
frame_6630.jpg,person
frame_6630.jpg,person
frame_6630.jpg,car
frame_6630.jpg,car
frame_6630.jpg,car
frame_6630.jpg,car
frame_6630.jpg,person
frame_6630.jpg,car
frame_6660.jpg,car
frame_6660.jpg,car
frame_6660.jpg,car
frame_6660.jpg,person
frame_6660.jpg,car
frame_6660.jpg,person
frame_6660.jpg,traffic light
frame_6660.jpg,car
frame_6660.jpg,car
frame_6660.jpg,car
frame_6660.jpg,traffic light
frame_6660.jpg,person
frame_6660.jpg,traffic light
frame_6660.jpg,car
frame_6660.jpg,car
frame_6660.jpg,car
frame_6660.jpg,person
frame_6660.jpg,person
frame_6660.jpg,car
frame_6660.jpg,person
frame_6660.jpg,person
frame_6690.jpg,person
frame_6690.jpg,person
frame_6690.jpg,car
frame_6690.jpg,car
frame_6690.jpg,car
frame_6690.jpg,traffic light
frame_6690.jpg,person
frame_6690.jpg,traffic light
frame_6690.jpg,person
frame_6690.jpg,person
frame_6690.jpg,car
frame_6690.jpg,car
frame_6690.jpg,car
frame_6690.jpg,motorcycle
frame_6690.jpg,traffic light
frame_6690.jpg,fire hydrant
frame_6690.jpg,car
frame_6690.jpg,car
frame_6720.jpg,person
frame_6720.jpg,car
frame_6720.jpg,person
frame_6720.jpg,car
frame_6720.jpg,car
frame_6720.jpg,car
frame_6720.jpg,car
frame_6720.jpg,person
frame_6720.jpg,motorcycle
frame_6720.jpg,person
frame_6720.jpg,car
frame_6720.jpg,person
frame_6720.jpg,person
frame_6720.jpg,car
frame_6720.jpg,traffic light
frame_6750.jpg,person
frame_6750.jpg,traffic light
frame_6750.jpg,car
frame_6750.jpg,car
frame_6750.jpg,person
frame_6750.jpg,car
frame_6750.jpg,car
frame_6750.jpg,car
frame_6750.jpg,car
frame_6750.jpg,car
frame_6750.jpg,person
frame_6750.jpg,person
frame_6750.jpg,car
frame_6750.jpg,person
frame_6750.jpg,car
frame_6750.jpg,person
frame_6750.jpg,traffic light
frame_6780.jpg,person
frame_6780.jpg,car
frame_6780.jpg,car
frame_6780.jpg,person
frame_6780.jpg,car
frame_6780.jpg,person
frame_6780.jpg,car
frame_6780.jpg,traffic light
frame_6780.jpg,person
frame_6780.jpg,person
frame_6780.jpg,motorcycle
frame_6780.jpg,car
frame_6780.jpg,traffic light
frame_6780.jpg,person
frame_6780.jpg,car
frame_6780.jpg,person
frame_6780.jpg,car
frame_6780.jpg,traffic light
frame_6780.jpg,traffic light
frame_6780.jpg,car
frame_6780.jpg,person
frame_6810.jpg,car
frame_6810.jpg,traffic light
frame_6810.jpg,car
frame_6810.jpg,person
frame_6810.jpg,person
frame_6810.jpg,person
frame_6810.jpg,car
frame_6810.jpg,car
frame_6810.jpg,person
frame_6810.jpg,car
frame_6810.jpg,person
frame_6810.jpg,car
frame_6810.jpg,person
frame_6810.jpg,person
frame_6810.jpg,motorcycle
frame_6810.jpg,traffic light
frame_6810.jpg,person
frame_6810.jpg,car
frame_6810.jpg,car
frame_6810.jpg,car
frame_6840.jpg,car
frame_6840.jpg,person
frame_6840.jpg,car
frame_6840.jpg,traffic light
frame_6840.jpg,person
frame_6840.jpg,car
frame_6840.jpg,car
frame_6840.jpg,person
frame_6840.jpg,car
frame_6840.jpg,traffic light
frame_6840.jpg,person
frame_6840.jpg,car
frame_6840.jpg,car
frame_6840.jpg,person
frame_6840.jpg,person
frame_6840.jpg,car
frame_6840.jpg,person
frame_6840.jpg,person
frame_6840.jpg,truck
frame_6840.jpg,person
frame_6840.jpg,person
frame_6840.jpg,traffic light
frame_6840.jpg,car
frame_6840.jpg,motorcycle
frame_6840.jpg,person
frame_6870.jpg,car
frame_6870.jpg,car
frame_6870.jpg,person
frame_6870.jpg,traffic light
frame_6870.jpg,car
frame_6870.jpg,person
frame_6870.jpg,person
frame_6870.jpg,person
frame_6870.jpg,car
frame_6870.jpg,car
frame_6870.jpg,person
frame_6870.jpg,car
frame_6870.jpg,person
frame_6870.jpg,person
frame_6870.jpg,car
frame_6870.jpg,traffic light
frame_6870.jpg,person
frame_6870.jpg,traffic light
frame_6870.jpg,traffic light
frame_6870.jpg,person
frame_690.jpg,person
frame_690.jpg,car
frame_690.jpg,motorcycle
frame_690.jpg,car
frame_690.jpg,car
frame_690.jpg,person
frame_690.jpg,truck
frame_690.jpg,person
frame_690.jpg,person
frame_690.jpg,car
frame_690.jpg,car
frame_690.jpg,person
frame_690.jpg,traffic light
frame_690.jpg,car
frame_6900.jpg,traffic light
frame_6900.jpg,person
frame_6900.jpg,car
frame_6900.jpg,car
frame_6900.jpg,car
frame_6900.jpg,car
frame_6900.jpg,person
frame_6900.jpg,person
frame_6900.jpg,person
frame_6900.jpg,person
frame_6900.jpg,traffic light
frame_6900.jpg,traffic light
frame_6900.jpg,traffic light
frame_6900.jpg,car
frame_6900.jpg,car
frame_6900.jpg,person
frame_6900.jpg,person
frame_6900.jpg,car
frame_6900.jpg,person
frame_6930.jpg,person
frame_6930.jpg,person
frame_6930.jpg,car
frame_6930.jpg,car
frame_6930.jpg,car
frame_6930.jpg,person
frame_6930.jpg,traffic light
frame_6930.jpg,car
frame_6930.jpg,car
frame_6930.jpg,person
frame_6930.jpg,traffic light
frame_6930.jpg,truck
frame_6930.jpg,person
frame_6930.jpg,car
frame_6930.jpg,traffic light
frame_6960.jpg,person
frame_6960.jpg,traffic light
frame_6960.jpg,car
frame_6960.jpg,person
frame_6960.jpg,car
frame_6960.jpg,person
frame_6960.jpg,truck
frame_6960.jpg,car
frame_6960.jpg,person
frame_6960.jpg,car
frame_6960.jpg,person
frame_6960.jpg,person
frame_6960.jpg,car
frame_6960.jpg,car
frame_6960.jpg,car
frame_6960.jpg,person
frame_6960.jpg,traffic light
frame_6960.jpg,car
frame_6960.jpg,person
frame_6990.jpg,car
frame_6990.jpg,car
frame_6990.jpg,person
frame_6990.jpg,person
frame_6990.jpg,car
frame_6990.jpg,person
frame_6990.jpg,person
frame_6990.jpg,car
frame_6990.jpg,person
frame_6990.jpg,car
frame_6990.jpg,truck
frame_6990.jpg,person
frame_6990.jpg,car
frame_6990.jpg,person
frame_6990.jpg,traffic light
frame_7020.jpg,person
frame_7020.jpg,traffic light
frame_7020.jpg,person
frame_7020.jpg,car
frame_7020.jpg,person
frame_7020.jpg,bicycle
frame_7020.jpg,person
frame_7020.jpg,person
frame_7020.jpg,car
frame_7020.jpg,motorcycle
frame_7020.jpg,car
frame_7020.jpg,person
frame_7020.jpg,car
frame_7020.jpg,person
frame_7020.jpg,car
frame_7020.jpg,car
frame_7050.jpg,car
frame_7050.jpg,person
frame_7050.jpg,car
frame_7050.jpg,traffic light
frame_7050.jpg,car
frame_7050.jpg,person
frame_7050.jpg,person
frame_7050.jpg,car
frame_7050.jpg,traffic light
frame_7050.jpg,person
frame_7050.jpg,car
frame_7050.jpg,person
frame_7050.jpg,person
frame_7080.jpg,car
frame_7080.jpg,traffic light
frame_7080.jpg,person
frame_7080.jpg,car
frame_7080.jpg,person
frame_7080.jpg,car
frame_7080.jpg,car
frame_7080.jpg,traffic light
frame_7080.jpg,person
frame_7080.jpg,car
frame_7080.jpg,person
frame_7080.jpg,car
frame_7080.jpg,car
frame_7080.jpg,car
frame_7080.jpg,traffic light
frame_7080.jpg,person
frame_7110.jpg,person
frame_7110.jpg,person
frame_7110.jpg,car
frame_7110.jpg,car
frame_7110.jpg,person
frame_7110.jpg,traffic light
frame_7110.jpg,car
frame_7110.jpg,traffic light
frame_7110.jpg,person
frame_7110.jpg,person
frame_7110.jpg,person
frame_7110.jpg,car
frame_7110.jpg,bus
frame_7110.jpg,car
frame_7110.jpg,car
frame_7110.jpg,person
frame_7140.jpg,person
frame_7140.jpg,person
frame_7140.jpg,car
frame_7140.jpg,traffic light
frame_7140.jpg,car
frame_7140.jpg,person
frame_7140.jpg,person
frame_7140.jpg,person
frame_7140.jpg,traffic light
frame_7140.jpg,car
frame_7140.jpg,car
frame_7140.jpg,motorcycle
frame_7140.jpg,car
frame_7140.jpg,car
frame_7140.jpg,person
frame_7140.jpg,person
frame_7140.jpg,traffic light
frame_7170.jpg,person
frame_7170.jpg,car
frame_7170.jpg,car
frame_7170.jpg,traffic light
frame_7170.jpg,traffic light
frame_7170.jpg,person
frame_7170.jpg,person
frame_7170.jpg,car
frame_7170.jpg,person
frame_7170.jpg,car
frame_7170.jpg,car
frame_7170.jpg,car
frame_7170.jpg,car
frame_7170.jpg,car
frame_7170.jpg,person
frame_7170.jpg,car
frame_720.jpg,traffic light
frame_720.jpg,person
frame_720.jpg,person
frame_720.jpg,person
frame_720.jpg,car
frame_720.jpg,car
frame_720.jpg,car
frame_720.jpg,traffic light
frame_720.jpg,truck
frame_720.jpg,person
frame_720.jpg,car
frame_720.jpg,car
frame_720.jpg,person
frame_720.jpg,car
frame_7200.jpg,car
frame_7200.jpg,car
frame_7200.jpg,person
frame_7200.jpg,traffic light
frame_7200.jpg,car
frame_7200.jpg,car
frame_7200.jpg,person
frame_7200.jpg,car
frame_7200.jpg,person
frame_7200.jpg,car
frame_7200.jpg,traffic light
frame_7200.jpg,car
frame_7200.jpg,traffic light
frame_7200.jpg,person
frame_7200.jpg,person
frame_7230.jpg,person
frame_7230.jpg,car
frame_7230.jpg,traffic light
frame_7230.jpg,car
frame_7230.jpg,person
frame_7230.jpg,car
frame_7230.jpg,person
frame_7230.jpg,car
frame_7230.jpg,person
frame_7230.jpg,car
frame_7230.jpg,traffic light
frame_7230.jpg,car
frame_7230.jpg,person
frame_7260.jpg,traffic light
frame_7260.jpg,car
frame_7260.jpg,car
frame_7260.jpg,car
frame_7260.jpg,car
frame_7260.jpg,car
frame_7260.jpg,person
frame_7260.jpg,person
frame_7260.jpg,car
frame_7260.jpg,person
frame_7260.jpg,person
frame_7260.jpg,car
frame_7260.jpg,car
frame_7260.jpg,car
frame_7260.jpg,car
frame_7260.jpg,person
frame_7260.jpg,car
frame_7260.jpg,traffic light
frame_7260.jpg,car
frame_7290.jpg,car
frame_7290.jpg,car
frame_7290.jpg,traffic light
frame_7290.jpg,traffic light
frame_7290.jpg,car
frame_7290.jpg,person
frame_7290.jpg,person
frame_7290.jpg,car
frame_7290.jpg,car
frame_7290.jpg,car
frame_7290.jpg,car
frame_7290.jpg,person
frame_7290.jpg,car
frame_7290.jpg,truck
frame_7290.jpg,car
frame_7290.jpg,person
frame_7290.jpg,car
frame_7290.jpg,car
frame_7290.jpg,traffic light
frame_7320.jpg,car
frame_7320.jpg,person
frame_7320.jpg,car
frame_7320.jpg,car
frame_7320.jpg,car
frame_7320.jpg,car
frame_7320.jpg,car
frame_7320.jpg,car
frame_7320.jpg,traffic light
frame_7320.jpg,car
frame_7320.jpg,person
frame_7320.jpg,car
frame_7320.jpg,car
frame_7320.jpg,person
frame_7320.jpg,car
frame_7320.jpg,traffic light
frame_7320.jpg,person
frame_7350.jpg,car
frame_7350.jpg,person
frame_7350.jpg,person
frame_7350.jpg,person
frame_7350.jpg,car
frame_7350.jpg,car
frame_7350.jpg,person
frame_7350.jpg,truck
frame_7350.jpg,car
frame_7350.jpg,car
frame_7350.jpg,truck
frame_7350.jpg,traffic light
frame_7350.jpg,car
frame_7350.jpg,car
frame_7350.jpg,person
frame_7350.jpg,car
frame_7380.jpg,car
frame_7380.jpg,traffic light
frame_7380.jpg,person
frame_7380.jpg,truck
frame_7380.jpg,car
frame_7380.jpg,traffic light
frame_7380.jpg,truck
frame_7380.jpg,person
frame_7380.jpg,car
frame_7380.jpg,car
frame_7380.jpg,car
frame_7380.jpg,person
frame_7380.jpg,car
frame_7380.jpg,car
frame_7410.jpg,car
frame_7410.jpg,car
frame_7410.jpg,person
frame_7410.jpg,car
frame_7410.jpg,person
frame_7410.jpg,horse
frame_7410.jpg,car
frame_7410.jpg,car
frame_7410.jpg,truck
frame_7410.jpg,horse
frame_7410.jpg,car
frame_7410.jpg,traffic light
frame_7410.jpg,person
frame_7410.jpg,horse
frame_7410.jpg,person
frame_7410.jpg,traffic light
frame_7440.jpg,car
frame_7440.jpg,traffic light
frame_7440.jpg,car
frame_7440.jpg,traffic light
frame_7440.jpg,person
frame_7440.jpg,person
frame_7440.jpg,person
frame_7440.jpg,car
frame_7440.jpg,car
frame_7440.jpg,person
frame_7440.jpg,person
frame_7440.jpg,person
frame_7440.jpg,traffic light
frame_7440.jpg,car
frame_7440.jpg,truck
frame_7470.jpg,car
frame_7470.jpg,car
frame_7470.jpg,person
frame_7470.jpg,person
frame_7470.jpg,car
frame_7470.jpg,person
frame_7470.jpg,car
frame_7470.jpg,traffic light
frame_7470.jpg,car
frame_7470.jpg,car
frame_7470.jpg,person
frame_7470.jpg,person
frame_750.jpg,car
frame_750.jpg,person
frame_750.jpg,traffic light
frame_750.jpg,car
frame_750.jpg,car
frame_750.jpg,traffic light
frame_750.jpg,car
frame_750.jpg,truck
frame_750.jpg,person
frame_750.jpg,person
frame_7500.jpg,person
frame_7500.jpg,traffic light
frame_7500.jpg,person
frame_7500.jpg,person
frame_7500.jpg,car
frame_7500.jpg,car
frame_7500.jpg,traffic light
frame_7500.jpg,traffic light
frame_7530.jpg,person
frame_7530.jpg,person
frame_7530.jpg,car
frame_7530.jpg,traffic light
frame_7530.jpg,traffic light
frame_7530.jpg,person
frame_7530.jpg,person
frame_7530.jpg,car
frame_7530.jpg,traffic light
frame_7530.jpg,person
frame_7530.jpg,motorcycle
frame_7530.jpg,person
frame_7530.jpg,person
frame_7530.jpg,person
frame_7560.jpg,car
frame_7560.jpg,car
frame_7560.jpg,person
frame_7560.jpg,person
frame_7560.jpg,person
frame_7560.jpg,motorcycle
frame_7560.jpg,person
frame_7560.jpg,person
frame_7560.jpg,traffic light
frame_7560.jpg,car
frame_7560.jpg,traffic light
frame_7560.jpg,person
frame_7560.jpg,car
frame_7560.jpg,person
frame_7560.jpg,person
frame_7590.jpg,person
frame_7590.jpg,person
frame_7590.jpg,car
frame_7590.jpg,person
frame_7590.jpg,car
frame_7590.jpg,car
frame_7590.jpg,person
frame_7590.jpg,traffic light
frame_7590.jpg,person
frame_7590.jpg,traffic light
frame_7590.jpg,car
frame_7590.jpg,person
frame_7590.jpg,person
frame_7620.jpg,car
frame_7620.jpg,traffic light
frame_7620.jpg,person
frame_7620.jpg,person
frame_7620.jpg,truck
frame_7620.jpg,car
frame_7620.jpg,person
frame_7620.jpg,person
frame_7620.jpg,person
frame_7620.jpg,truck
frame_7620.jpg,car
frame_7620.jpg,person
frame_7620.jpg,truck
frame_7620.jpg,car
frame_7620.jpg,traffic light
frame_7650.jpg,car
frame_7650.jpg,person
frame_7650.jpg,car
frame_7650.jpg,traffic light
frame_7650.jpg,person
frame_7650.jpg,person
frame_7650.jpg,person
frame_7650.jpg,person
frame_7650.jpg,person
frame_7650.jpg,traffic light
frame_7650.jpg,person
frame_7650.jpg,person
frame_7650.jpg,person
frame_7650.jpg,person
frame_7680.jpg,person
frame_7680.jpg,car
frame_7680.jpg,person
frame_7680.jpg,car
frame_7680.jpg,car
frame_7680.jpg,car
frame_7680.jpg,person
frame_7680.jpg,person
frame_7680.jpg,person
frame_7680.jpg,person
frame_7680.jpg,motorcycle
frame_7680.jpg,person
frame_7680.jpg,traffic light
frame_7680.jpg,truck
frame_7680.jpg,car
frame_7680.jpg,traffic light
frame_7680.jpg,traffic light
frame_7680.jpg,person
frame_7680.jpg,traffic light
frame_7680.jpg,person
frame_7710.jpg,car
frame_7710.jpg,person
frame_7710.jpg,person
frame_7710.jpg,car
frame_7710.jpg,person
frame_7710.jpg,car
frame_7710.jpg,person
frame_7710.jpg,person
frame_7710.jpg,traffic light
frame_7710.jpg,car
frame_7710.jpg,person
frame_7710.jpg,person
frame_7710.jpg,person
frame_7710.jpg,person
frame_7710.jpg,person
frame_7740.jpg,car
frame_7740.jpg,car
frame_7740.jpg,car
frame_7740.jpg,car
frame_7740.jpg,person
frame_7740.jpg,person
frame_7740.jpg,person
frame_7740.jpg,car
frame_7740.jpg,traffic light
frame_7740.jpg,traffic light
frame_7740.jpg,car
frame_7770.jpg,car
frame_7770.jpg,person
frame_7770.jpg,truck
frame_7770.jpg,car
frame_7770.jpg,car
frame_7770.jpg,car
frame_7770.jpg,car
frame_7770.jpg,person
frame_7770.jpg,traffic light
frame_7770.jpg,car
frame_7770.jpg,person
frame_7770.jpg,person
frame_7770.jpg,person
frame_7770.jpg,traffic light
frame_7770.jpg,person
frame_7770.jpg,person
frame_7770.jpg,traffic light
frame_7770.jpg,traffic light
frame_7770.jpg,car
frame_7770.jpg,traffic light
frame_7770.jpg,person
frame_780.jpg,person
frame_780.jpg,person
frame_780.jpg,person
frame_780.jpg,traffic light
frame_780.jpg,person
frame_780.jpg,car
frame_780.jpg,car
frame_780.jpg,person
frame_780.jpg,person
frame_7800.jpg,person
frame_7800.jpg,person
frame_7800.jpg,car
frame_7800.jpg,traffic light
frame_7800.jpg,car
frame_7800.jpg,car
frame_7800.jpg,person
frame_7800.jpg,person
frame_7800.jpg,person
frame_7800.jpg,traffic light
frame_7800.jpg,car
frame_7800.jpg,traffic light
frame_7800.jpg,traffic light
frame_7800.jpg,traffic light
frame_7830.jpg,car
frame_7830.jpg,person
frame_7830.jpg,person
frame_7830.jpg,traffic light
frame_7830.jpg,car
frame_7830.jpg,traffic light
frame_7830.jpg,car
frame_7830.jpg,person
frame_7830.jpg,person
frame_7830.jpg,person
frame_7830.jpg,car
frame_7830.jpg,person
frame_7830.jpg,car
frame_7830.jpg,car
frame_7830.jpg,car
frame_7830.jpg,person
frame_7830.jpg,car
frame_7860.jpg,car
frame_7860.jpg,person
frame_7860.jpg,car
frame_7860.jpg,person
frame_7860.jpg,car
frame_7860.jpg,car
frame_7860.jpg,truck
frame_7860.jpg,car
frame_7860.jpg,traffic light
frame_7860.jpg,person
frame_7860.jpg,person
frame_7860.jpg,car
frame_7860.jpg,person
frame_7890.jpg,car
frame_7890.jpg,car
frame_7890.jpg,car
frame_7890.jpg,person
frame_7890.jpg,bus
frame_7890.jpg,person
frame_7890.jpg,car
frame_7890.jpg,person
frame_7890.jpg,car
frame_7890.jpg,traffic light
frame_7890.jpg,car
frame_7890.jpg,car
frame_7890.jpg,car
frame_7890.jpg,traffic light
frame_7890.jpg,person
frame_7890.jpg,person
frame_7890.jpg,truck
frame_7890.jpg,traffic light
frame_7920.jpg,car
frame_7920.jpg,person
frame_7920.jpg,person
frame_7920.jpg,car
frame_7920.jpg,car
frame_7920.jpg,person
frame_7920.jpg,person
frame_7920.jpg,car
frame_7920.jpg,car
frame_7920.jpg,person
frame_7920.jpg,person
frame_7920.jpg,person
frame_7920.jpg,car
frame_7920.jpg,truck
frame_7920.jpg,person
frame_7920.jpg,traffic light
frame_7920.jpg,person
frame_7920.jpg,person
frame_7920.jpg,person
frame_7920.jpg,truck
frame_7950.jpg,car
frame_7950.jpg,person
frame_7950.jpg,person
frame_7950.jpg,person
frame_7950.jpg,truck
frame_7950.jpg,person
frame_7950.jpg,car
frame_7950.jpg,truck
frame_7950.jpg,car
frame_7950.jpg,truck
frame_7950.jpg,car
frame_7950.jpg,car
frame_7950.jpg,person
frame_7950.jpg,car
frame_7950.jpg,car
frame_7950.jpg,traffic light
frame_7950.jpg,car
frame_7950.jpg,person
frame_7980.jpg,car
frame_7980.jpg,person
frame_7980.jpg,car
frame_7980.jpg,person
frame_7980.jpg,person
frame_7980.jpg,car
frame_7980.jpg,car
frame_7980.jpg,person
frame_7980.jpg,car
frame_7980.jpg,person
frame_7980.jpg,traffic light
frame_7980.jpg,traffic light
frame_7980.jpg,traffic light
frame_7980.jpg,person
frame_7980.jpg,person
frame_8010.jpg,person
frame_8010.jpg,car
frame_8010.jpg,car
frame_8010.jpg,traffic light
frame_8010.jpg,car
frame_8010.jpg,truck
frame_8010.jpg,person
frame_8010.jpg,truck
frame_8010.jpg,traffic light
frame_8010.jpg,traffic light
frame_8010.jpg,car
frame_8010.jpg,person
frame_8010.jpg,traffic light
frame_8010.jpg,person
frame_8010.jpg,car
frame_8010.jpg,car
frame_8010.jpg,traffic light
frame_8040.jpg,car
frame_8040.jpg,car
frame_8040.jpg,car
frame_8040.jpg,truck
frame_8040.jpg,car
frame_8040.jpg,truck
frame_8040.jpg,car
frame_8040.jpg,traffic light
frame_8040.jpg,truck
frame_8040.jpg,car
frame_8040.jpg,traffic light
frame_8040.jpg,car
frame_8040.jpg,car
frame_8040.jpg,traffic light
frame_8040.jpg,person
frame_8040.jpg,person
frame_8040.jpg,person
frame_8040.jpg,car
frame_8070.jpg,car
frame_8070.jpg,car
frame_8070.jpg,person
frame_8070.jpg,train
frame_8070.jpg,car
frame_8070.jpg,person
frame_8070.jpg,car
frame_8070.jpg,person
frame_8070.jpg,traffic light
frame_8070.jpg,car
frame_8070.jpg,traffic light
frame_8070.jpg,person
frame_8070.jpg,car
frame_8070.jpg,car
frame_8070.jpg,car
frame_8070.jpg,traffic light
frame_8070.jpg,car
frame_8070.jpg,car
frame_8070.jpg,car
frame_8070.jpg,truck
frame_8070.jpg,traffic light
frame_810.jpg,car
frame_810.jpg,person
frame_810.jpg,person
frame_810.jpg,car
frame_810.jpg,truck
frame_810.jpg,person
frame_810.jpg,traffic light
frame_8100.jpg,car
frame_8100.jpg,person
frame_8100.jpg,car
frame_8100.jpg,truck
frame_8100.jpg,car
frame_8100.jpg,traffic light
frame_8100.jpg,person
frame_8100.jpg,truck
frame_8100.jpg,person
frame_8100.jpg,car
frame_8100.jpg,truck
frame_8130.jpg,car
frame_8130.jpg,car
frame_8130.jpg,car
frame_8130.jpg,traffic light
frame_8130.jpg,person
frame_8130.jpg,traffic light
frame_8130.jpg,bus
frame_8130.jpg,car
frame_8130.jpg,person
frame_8130.jpg,car
frame_8130.jpg,car
frame_8130.jpg,person
frame_8130.jpg,truck
frame_8130.jpg,traffic light
frame_8130.jpg,traffic light
frame_8130.jpg,truck
frame_8130.jpg,car
frame_8130.jpg,bus
frame_8160.jpg,car
frame_8160.jpg,car
frame_8160.jpg,traffic light
frame_8160.jpg,traffic light
frame_8160.jpg,car
frame_8160.jpg,car
frame_8160.jpg,person
frame_8160.jpg,car
frame_8160.jpg,bus
frame_8160.jpg,car
frame_8160.jpg,car
frame_8160.jpg,person
frame_8160.jpg,car
frame_8160.jpg,car
frame_8160.jpg,truck
frame_8160.jpg,bus
frame_8160.jpg,traffic light
frame_8160.jpg,person
frame_8160.jpg,person
frame_8160.jpg,car
frame_8190.jpg,car
frame_8190.jpg,car
frame_8190.jpg,car
frame_8190.jpg,car
frame_8190.jpg,traffic light
frame_8190.jpg,truck
frame_8190.jpg,person
frame_8190.jpg,truck
frame_8190.jpg,truck
frame_8190.jpg,car
frame_8190.jpg,truck
frame_8190.jpg,car
frame_8190.jpg,bus
frame_8190.jpg,traffic light
frame_8190.jpg,bus
frame_8190.jpg,car
frame_8190.jpg,traffic light
frame_8190.jpg,car
frame_8190.jpg,car
frame_8220.jpg,person
frame_8220.jpg,truck
frame_8220.jpg,traffic light
frame_8220.jpg,person
frame_8220.jpg,person
frame_8220.jpg,bus
frame_8220.jpg,bus
frame_8220.jpg,bus
frame_8220.jpg,bus
frame_8220.jpg,truck
frame_8220.jpg,car
frame_8220.jpg,person
frame_8220.jpg,traffic light
frame_8220.jpg,car
frame_8220.jpg,car
frame_8220.jpg,truck
frame_8220.jpg,person
frame_8220.jpg,person
frame_8220.jpg,truck
frame_8250.jpg,person
frame_8250.jpg,person
frame_8250.jpg,person
frame_8250.jpg,car
frame_8250.jpg,truck
frame_8250.jpg,car
frame_8250.jpg,traffic light
frame_8250.jpg,person
frame_8250.jpg,car
frame_8250.jpg,motorcycle
frame_8250.jpg,truck
frame_8250.jpg,traffic light
frame_8250.jpg,truck
frame_8250.jpg,truck
frame_8250.jpg,truck
frame_8280.jpg,person
frame_8280.jpg,car
frame_8280.jpg,car
frame_8280.jpg,person
frame_8280.jpg,traffic light
frame_8280.jpg,car
frame_8280.jpg,car
frame_8280.jpg,truck
frame_8280.jpg,bus
frame_8280.jpg,person
frame_8280.jpg,car
frame_8310.jpg,car
frame_8310.jpg,person
frame_8310.jpg,truck
frame_8310.jpg,car
frame_8310.jpg,truck
frame_8310.jpg,traffic light
frame_8310.jpg,traffic light
frame_8310.jpg,car
frame_8310.jpg,person
frame_8310.jpg,car
frame_8310.jpg,car
frame_8310.jpg,traffic light
frame_8310.jpg,car
frame_8310.jpg,person
frame_8310.jpg,car
frame_8340.jpg,traffic light
frame_8340.jpg,car
frame_8340.jpg,person
frame_8340.jpg,car
frame_8340.jpg,person
frame_8340.jpg,car
frame_8340.jpg,traffic light
frame_8340.jpg,traffic light
frame_8370.jpg,bus
frame_8370.jpg,truck
frame_8370.jpg,traffic light
frame_8370.jpg,car
frame_8370.jpg,person
frame_8370.jpg,car
frame_8370.jpg,truck
frame_8370.jpg,person
frame_840.jpg,car
frame_840.jpg,car
frame_840.jpg,truck
frame_840.jpg,car
frame_840.jpg,person
frame_840.jpg,car
frame_840.jpg,motorcycle
frame_840.jpg,car
frame_840.jpg,car
frame_840.jpg,car
frame_8400.jpg,person
frame_8400.jpg,car
frame_8400.jpg,traffic light
frame_8400.jpg,truck
frame_8400.jpg,bus
frame_8400.jpg,person
frame_8400.jpg,truck
frame_8400.jpg,person
frame_8400.jpg,person
frame_8400.jpg,car
frame_8400.jpg,truck
frame_8400.jpg,car
frame_8430.jpg,person
frame_8430.jpg,car
frame_8430.jpg,bus
frame_8430.jpg,person
frame_8430.jpg,person
frame_8430.jpg,traffic light
frame_8430.jpg,person
frame_8430.jpg,car
frame_8430.jpg,traffic light
frame_8430.jpg,truck
frame_8430.jpg,car
frame_8430.jpg,traffic light
frame_8430.jpg,car
frame_8460.jpg,car
frame_8460.jpg,traffic light
frame_8460.jpg,car
frame_8460.jpg,car
frame_8460.jpg,person
frame_8460.jpg,person
frame_8460.jpg,car
frame_8460.jpg,traffic light
frame_8460.jpg,car
frame_8460.jpg,person
frame_8490.jpg,car
frame_8490.jpg,traffic light
frame_8490.jpg,person
frame_8490.jpg,person
frame_8490.jpg,car
frame_8490.jpg,person
frame_8490.jpg,car
frame_8490.jpg,car
frame_8490.jpg,truck
frame_8490.jpg,person
frame_8490.jpg,traffic light
frame_8520.jpg,car
frame_8520.jpg,traffic light
frame_8520.jpg,car
frame_8520.jpg,car
frame_8520.jpg,car
frame_8520.jpg,traffic light
frame_8550.jpg,traffic light
frame_8550.jpg,car
frame_8550.jpg,truck
frame_8550.jpg,car
frame_8550.jpg,fire hydrant
frame_8550.jpg,traffic light
frame_8550.jpg,car
frame_8550.jpg,person
frame_8550.jpg,car
frame_8550.jpg,car
frame_8550.jpg,car
frame_8580.jpg,car
frame_8580.jpg,traffic light
frame_8580.jpg,person
frame_8580.jpg,car
frame_8580.jpg,person
frame_8580.jpg,car
frame_8580.jpg,car
frame_8580.jpg,truck
frame_8580.jpg,person
frame_8580.jpg,car
frame_8580.jpg,car
frame_8610.jpg,traffic light
frame_8610.jpg,car
frame_8610.jpg,car
frame_8610.jpg,person
frame_8610.jpg,car
frame_8610.jpg,traffic light
frame_8610.jpg,person
frame_8610.jpg,car
frame_8610.jpg,car
frame_8610.jpg,truck
frame_8610.jpg,truck
frame_8640.jpg,car
frame_8640.jpg,traffic light
frame_8640.jpg,car
frame_8640.jpg,car
frame_8640.jpg,car
frame_8640.jpg,person
frame_8640.jpg,car
frame_8640.jpg,car
frame_8640.jpg,car
frame_8640.jpg,car
frame_8640.jpg,person
frame_8640.jpg,car
frame_8670.jpg,person
frame_8670.jpg,car
frame_8670.jpg,person
frame_8670.jpg,motorcycle
frame_8670.jpg,car
frame_8670.jpg,car
frame_8670.jpg,motorcycle
frame_8670.jpg,person
frame_8670.jpg,car
frame_8670.jpg,person
frame_8670.jpg,car
frame_8670.jpg,traffic light
frame_8670.jpg,car
frame_870.jpg,car
frame_870.jpg,car
frame_870.jpg,car
frame_870.jpg,car
frame_870.jpg,truck
frame_870.jpg,person
frame_870.jpg,person
frame_870.jpg,car
frame_870.jpg,person
frame_870.jpg,car
frame_870.jpg,car
frame_870.jpg,motorcycle
frame_870.jpg,car
frame_8700.jpg,car
frame_8700.jpg,person
frame_8700.jpg,person
frame_8700.jpg,car
frame_8700.jpg,traffic light
frame_8700.jpg,motorcycle
frame_8700.jpg,car
frame_8700.jpg,person
frame_8700.jpg,person
frame_8700.jpg,traffic light
frame_8700.jpg,motorcycle
frame_8700.jpg,car
frame_8700.jpg,car
frame_8730.jpg,car
frame_8730.jpg,car
frame_8730.jpg,person
frame_8730.jpg,person
frame_8730.jpg,car
frame_8730.jpg,person
frame_8730.jpg,car
frame_8730.jpg,person
frame_8730.jpg,car
frame_8730.jpg,car
frame_8730.jpg,traffic light
frame_8760.jpg,car
frame_8760.jpg,car
frame_8760.jpg,person
frame_8760.jpg,person
frame_8760.jpg,traffic light
frame_8760.jpg,car
frame_8760.jpg,truck
frame_8760.jpg,car
frame_8760.jpg,person
frame_8760.jpg,person
frame_8760.jpg,car
frame_8790.jpg,traffic light
frame_8790.jpg,person
frame_8790.jpg,traffic light
frame_8790.jpg,person
frame_8790.jpg,traffic light
frame_8790.jpg,person
frame_8790.jpg,person
frame_8790.jpg,car
frame_8790.jpg,person
frame_8790.jpg,car
frame_8790.jpg,person
frame_8790.jpg,person
frame_8790.jpg,motorcycle
frame_8820.jpg,car
frame_8820.jpg,person
frame_8820.jpg,person
frame_8820.jpg,person
frame_8820.jpg,car
frame_8820.jpg,car
frame_8820.jpg,person
frame_8820.jpg,car
frame_8820.jpg,person
frame_8820.jpg,motorcycle
frame_8850.jpg,car
frame_8850.jpg,car
frame_8850.jpg,person
frame_8850.jpg,person
frame_8850.jpg,car
frame_8850.jpg,person
frame_8850.jpg,person
frame_8850.jpg,person
frame_8850.jpg,motorcycle
frame_8850.jpg,person
frame_8850.jpg,person
frame_8850.jpg,car
frame_8850.jpg,car
frame_8880.jpg,person
frame_8880.jpg,car
frame_8880.jpg,car
frame_8880.jpg,person
frame_8880.jpg,person
frame_8880.jpg,person
frame_8880.jpg,person
frame_8880.jpg,person
frame_8880.jpg,person
frame_8880.jpg,motorcycle
frame_8880.jpg,traffic light
frame_8880.jpg,person
frame_8880.jpg,person
frame_8880.jpg,person
frame_8880.jpg,car
frame_8910.jpg,car
frame_8910.jpg,car
frame_8910.jpg,traffic light
frame_8910.jpg,person
frame_8910.jpg,person
frame_8910.jpg,truck
frame_8910.jpg,person
frame_8910.jpg,traffic light
frame_8910.jpg,car
frame_8910.jpg,motorcycle
frame_8940.jpg,car
frame_8940.jpg,person
frame_8940.jpg,traffic light
frame_8940.jpg,car
frame_8940.jpg,motorcycle
frame_8940.jpg,car
frame_8940.jpg,car
frame_8940.jpg,person
frame_8940.jpg,person
frame_8940.jpg,person
frame_8940.jpg,traffic light
frame_8940.jpg,bicycle
frame_8940.jpg,motorcycle
frame_8940.jpg,motorcycle
frame_8940.jpg,person
frame_8940.jpg,car
frame_8940.jpg,car
frame_90.jpg,traffic light
frame_90.jpg,car
frame_90.jpg,traffic light
frame_90.jpg,car
frame_90.jpg,person
frame_90.jpg,motorcycle
frame_90.jpg,car
frame_90.jpg,car
frame_900.jpg,car
frame_900.jpg,car
frame_900.jpg,car
frame_900.jpg,car
frame_900.jpg,car
frame_900.jpg,person
frame_900.jpg,person
frame_900.jpg,truck
frame_900.jpg,car
frame_900.jpg,car
frame_900.jpg,car
frame_900.jpg,motorcycle
frame_930.jpg,car
frame_930.jpg,car
frame_930.jpg,car
frame_930.jpg,car
frame_930.jpg,car
frame_930.jpg,truck
frame_930.jpg,car
frame_930.jpg,car
frame_930.jpg,car
frame_930.jpg,person
frame_930.jpg,person
frame_930.jpg,motorcycle
frame_960.jpg,car
frame_960.jpg,traffic light
frame_960.jpg,car
frame_960.jpg,car
frame_960.jpg,car
frame_960.jpg,car
frame_960.jpg,truck
frame_960.jpg,car
frame_960.jpg,car
frame_960.jpg,car
frame_960.jpg,person
frame_990.jpg,traffic light
frame_990.jpg,car
frame_990.jpg,person
frame_990.jpg,car
frame_990.jpg,traffic light
frame_990.jpg,truck
frame_990.jpg,car
frame_990.jpg,car
frame_990.jpg,car
frame_990.jpg,car
frame_990.jpg,car
frame_990.jpg,motorcycle
frame_990.jpg,car
frame_990.jpg,person
frame_990.jpg,car
